model_name,desti_nice,desti_harsh,route_nice,route_harsh
llama_anno,0.23134927686972212,0.2001137849663722,0.10323092705363307,0.06469650088986227
