{
    "905": {
        "harsh": 1.0,
        "nice": 1.0
    },
    "adventureland": {
        "harsh": 0.6740331491712708,
        "nice": 0.8287292817679558
    },
    "afflicted": {
        "harsh": 0.9777777777777777,
        "nice": 0.9777777777777777
    },
    "anchor": {
        "harsh": 0.9615384615384616,
        "nice": 0.9743589743589743
    },
    "avg_harsh": 0.7849709581974403,
    "avg_nice": 0.8488130096936639,
    "awaken": {
        "harsh": 0.9056603773584906,
        "nice": 0.9481132075471698
    },
    "ballyhoo": {
        "harsh": 0.6548672566371682,
        "nice": 0.8053097345132744
    },
    "curses": {
        "harsh": 0.6263736263736264,
        "nice": 0.6923076923076923
    },
    "cutthroat": {
        "harsh": 0.5064935064935064,
        "nice": 0.7532467532467533
    },
    "deephome": {
        "harsh": 0.6838235294117647,
        "nice": 0.75
    },
    "dragon": {
        "harsh": 0.5096774193548387,
        "nice": 0.5741935483870968
    },
    "enchanter": {
        "harsh": 0.9476190476190476,
        "nice": 0.9523809523809523
    },
    "enter": {
        "harsh": 1.0,
        "nice": 1.0
    },
    "gold": {
        "harsh": 1.0,
        "nice": 1.0
    },
    "hhgg": {
        "harsh": 1.0,
        "nice": 1.0
    },
    "hollywood": {
        "harsh": 1.0,
        "nice": 1.0
    },
    "infidel": {
        "harsh": 0.8717948717948718,
        "nice": 0.9102564102564102
    },
    "inhumane": {
        "harsh": 0.3047619047619048,
        "nice": 0.5047619047619047
    },
    "jewel": {
        "harsh": 0.8583333333333333,
        "nice": 0.8583333333333333
    },
    "loose": {
        "harsh": 1.0,
        "nice": 1.0
    },
    "lostpig": {
        "harsh": 1.0,
        "nice": 1.0
    },
    "ludicorp": {
        "harsh": 0.7142857142857143,
        "nice": 0.7445887445887446
    },
    "moonlit": {
        "harsh": 1.0,
        "nice": 1.0
    },
    "night": {
        "harsh": 0.4789473684210526,
        "nice": 0.7947368421052632
    },
    "pentari": {
        "harsh": 0.5686274509803921,
        "nice": 0.6274509803921569
    },
    "planetfall": {
        "harsh": 0.9619047619047619,
        "nice": 0.9619047619047619
    },
    "reverb": {
        "harsh": 0.2647058823529412,
        "nice": 0.4215686274509804
    },
    "snacktime": {
        "harsh": 1.0,
        "nice": 1.0
    },
    "sorcerer": {
        "harsh": 0.6,
        "nice": 0.8380952380952381
    },
    "temple": {
        "harsh": 0.9777777777777777,
        "nice": 0.9777777777777777
    },
    "tryst205": {
        "harsh": 0.8611111111111112,
        "nice": 0.8611111111111112
    },
    "wishbringer": {
        "harsh": 0.9477124183006536,
        "nice": 0.9607843137254902
    },
    "yomomma": {
        "harsh": 0.7419354838709677,
        "nice": 0.8387096774193549
    },
    "zork1": {
        "harsh": 0.632768361581921,
        "nice": 0.8361581920903954
    },
    "zork2": {
        "harsh": 0.3277310924369748,
        "nice": 0.42016806722689076
    },
    "zork3": {
        "harsh": 0.8986928104575164,
        "nice": 0.9444444444444444
    },
    "ztuu": {
        "harsh": 0.8,
        "nice": 0.8
    }
}