{
    "905": {
        "harsh": 1.0,
        "nice": 1.0
    },
    "adventureland": {
        "harsh": 0.3333333333333333,
        "nice": 0.5816993464052288
    },
    "afflicted": {
        "harsh": 0.9777777777777777,
        "nice": 0.9777777777777777
    },
    "anchor": {
        "harsh": 0.7948717948717948,
        "nice": 0.8076923076923077
    },
    "avg_harsh": 0.639627114459612,
    "avg_nice": 0.676117945828949,
    "awaken": {
        "harsh": 0.8131868131868132,
        "nice": 0.8351648351648352
    },
    "ballyhoo": {
        "harsh": 0.3723404255319149,
        "nice": 0.425531914893617
    },
    "curses": {
        "harsh": 0.5164835164835165,
        "nice": 0.5164835164835165
    },
    "cutthroat": {
        "harsh": 0.38095238095238093,
        "nice": 0.4329004329004329
    },
    "deephome": {
        "harsh": 0.45588235294117646,
        "nice": 0.45588235294117646
    },
    "dragon": {
        "harsh": 0.8791208791208791,
        "nice": 0.8901098901098901
    },
    "enchanter": {
        "harsh": 0.45714285714285713,
        "nice": 0.48095238095238096
    },
    "enter": {
        "harsh": 1.0,
        "nice": 1.0
    },
    "gold": {
        "harsh": 0.7636363636363637,
        "nice": 0.7636363636363637
    },
    "hhgg": {
        "harsh": 0.25,
        "nice": 0.32142857142857145
    },
    "hollywood": {
        "harsh": 0.9285714285714286,
        "nice": 0.9285714285714286
    },
    "infidel": {
        "harsh": 0.6538461538461539,
        "nice": 0.6666666666666666
    },
    "inhumane": {
        "harsh": 0.2857142857142857,
        "nice": 0.36666666666666664
    },
    "jewel": {
        "harsh": 0.8,
        "nice": 0.8
    },
    "loose": {
        "harsh": 0.4642857142857143,
        "nice": 0.4642857142857143
    },
    "lostpig": {
        "harsh": 0.8666666666666667,
        "nice": 0.8666666666666667
    },
    "ludicorp": {
        "harsh": 0.7792207792207793,
        "nice": 0.7878787878787878
    },
    "moonlit": {
        "harsh": 0.8333333333333334,
        "nice": 0.8333333333333334
    },
    "night": {
        "harsh": 0.30526315789473685,
        "nice": 0.3157894736842105
    },
    "pentari": {
        "harsh": 0.43790849673202614,
        "nice": 0.5228758169934641
    },
    "planetfall": {
        "harsh": 0.7428571428571429,
        "nice": 0.8142857142857143
    },
    "reverb": {
        "harsh": 0.6515151515151515,
        "nice": 0.6515151515151515
    },
    "snacktime": {
        "harsh": 1.0,
        "nice": 1.0
    },
    "sorcerer": {
        "harsh": 0.3238095238095238,
        "nice": 0.3333333333333333
    },
    "temple": {
        "harsh": 0.7111111111111111,
        "nice": 0.7111111111111111
    },
    "tryst205": {
        "harsh": 0.4444444444444444,
        "nice": 0.4444444444444444
    },
    "wishbringer": {
        "harsh": 0.738562091503268,
        "nice": 0.8169934640522876
    },
    "yomomma": {
        "harsh": 0.6785714285714286,
        "nice": 0.7857142857142857
    },
    "zork1": {
        "harsh": 0.6491228070175439,
        "nice": 0.7251461988304093
    },
    "zork2": {
        "harsh": 0.3593073593073593,
        "nice": 0.5930735930735931
    },
    "zork3": {
        "harsh": 0.39591836734693875,
        "nice": 0.44081632653061226
    },
    "ztuu": {
        "harsh": 0.9818181818181818,
        "nice": 0.9818181818181818
    }
}