{
    "905": {
        "conf_int": null,
        "slope": 0.0
    },
    "advent": {
        "conf_int": [
            -0.0025171792814507807,
            0.00025345545575751536
        ],
        "slope": -0.0011318619128466328
    },
    "adventureland": {
        "conf_int": [
            -0.03974209258257849,
            0.002931680772166677
        ],
        "slope": -0.018405205905205908
    },
    "afflicted": {
        "conf_int": [
            -0.2798354881509233,
            -0.048735940420505275
        ],
        "slope": -0.16428571428571428
    },
    "anchor": {
        "conf_int": [
            -0.09671944141409389,
            -0.04323782354317108
        ],
        "slope": -0.06997863247863248
    },
    "awaken": {
        "conf_int": [
            -0.07218949329875556,
            -0.02459935381903895
        ],
        "slope": -0.048394423558897254
    },
    "balances": {
        "conf_int": [
            -0.0370585383048995,
            -0.009095307848946655
        ],
        "slope": -0.023076923076923078
    },
    "ballyhoo": {
        "conf_int": [
            -0.027944607381479396,
            -0.006910994532946042
        ],
        "slope": -0.01742780095721272
    },
    "curses": {
        "conf_int": [
            -0.08489001027696938,
            -0.00485357946662035
        ],
        "slope": -0.044871794871794865
    },
    "cutthroat": {
        "conf_int": [
            -0.017624549884389905,
            -0.0014064191465791229
        ],
        "slope": -0.009515484515484514
    },
    "deephome": {
        "conf_int": [
            -0.028340511165416443,
            -0.00749680940874624
        ],
        "slope": -0.01791866028708134
    },
    "detective": {
        "conf_int": [
            -0.014021587727351181,
            -0.002189038553450537
        ],
        "slope": -0.008105313140400859
    },
    "dragon": {
        "conf_int": [
            -0.10359833139007607,
            -0.021320192024687927
        ],
        "slope": -0.062459261707382
    },
    "enchanter": {
        "conf_int": [
            -0.04837437633911429,
            -0.01838028204597887
        ],
        "slope": -0.03337732919254658
    },
    "enter": {
        "conf_int": null,
        "slope": null
    },
    "gold": {
        "conf_int": [
            -0.09351782153224915,
            -0.03615250813808053
        ],
        "slope": -0.06483516483516484
    },
    "hhgg": {
        "conf_int": [
            -0.1379708517326655,
            -0.04298152921971543
        ],
        "slope": -0.09047619047619046
    },
    "hollywood": {
        "conf_int": [
            -0.15143562079283912,
            0.0044968452826350674
        ],
        "slope": -0.07346938775510203
    },
    "huntdark": {
        "conf_int": [
            -0.05547133213835041,
            -0.0014731123060940272
        ],
        "slope": -0.028472222222222218
    },
    "infidel": {
        "conf_int": [
            -0.13846082939812798,
            0.008038620028550214
        ],
        "slope": -0.06521110468478888
    },
    "inhumane": {
        "conf_int": [
            -0.0541727184584823,
            -0.002168301004709109
        ],
        "slope": -0.028170509731595707
    },
    "jewel": {
        "conf_int": [
            -0.05837345855621376,
            -0.01061049866303758
        ],
        "slope": -0.03449197860962567
    },
    "karn": {
        "conf_int": [
            -0.02448828458046052,
            -0.001262041648334612
        ],
        "slope": -0.012875163114397565
    },
    "library": {
        "conf_int": [
            -0.21707195643707325,
            0.1504052897704066
        ],
        "slope": -0.033333333333333326
    },
    "loose": {
        "conf_int": [
            -0.1599457723378434,
            -0.014884159634945715
        ],
        "slope": -0.08741496598639456
    },
    "lostpig": {
        "conf_int": [
            -0.47212365214521823,
            0.07212365214521821
        ],
        "slope": -0.2
    },
    "ludicorp": {
        "conf_int": [
            -0.056589747019112666,
            -0.013163168592984081
        ],
        "slope": -0.034876457806048373
    },
    "lurking": {
        "conf_int": [
            -0.1841372405070866,
            -0.010667954298108184
        ],
        "slope": -0.0974025974025974
    },
    "moonlit": {
        "conf_int": [
            -5.94660893746464,
            6.2799422707979735
        ],
        "slope": 0.16666666666666669
    },
    "murdac": {
        "conf_int": [
            -0.013150886713375734,
            -0.0017128159986241924
        ],
        "slope": -0.007431851355999964
    },
    "night": {
        "conf_int": [
            -0.017536570524164602,
            -0.00482317499347565
        ],
        "slope": -0.011179872758820127
    },
    "omniquest": {
        "conf_int": [
            -0.02619783371494045,
            -0.0042327720762029755
        ],
        "slope": -0.015215302895571714
    },
    "partyfoul": {
        "conf_int": null,
        "slope": -0.75
    },
    "pentari": {
        "conf_int": [
            -0.05815753554660079,
            -0.01971616736859207
        ],
        "slope": -0.03893685145759643
    },
    "planetfall": {
        "conf_int": [
            -0.04204584621602742,
            -0.0161308183892086
        ],
        "slope": -0.029088332302618012
    },
    "plundered": {
        "conf_int": [
            -0.06854298335744186,
            -0.00024008542562691665
        ],
        "slope": -0.03439153439153439
    },
    "reverb": {
        "conf_int": [
            -0.07527205508598524,
            -0.008111783297853156
        ],
        "slope": -0.0416919191919192
    },
    "seastalker": {
        "conf_int": [
            -0.09321723939493226,
            -0.004560538382845543
        ],
        "slope": -0.0488888888888889
    },
    "sherlock": {
        "conf_int": [
            -0.23145501651945616,
            -0.031130017494149342
        ],
        "slope": -0.13129251700680275
    },
    "snacktime": {
        "conf_int": null,
        "slope": 0.0
    },
    "sorcerer": {
        "conf_int": [
            -0.06806952774896546,
            -0.008647264230984407
        ],
        "slope": -0.03835839598997494
    },
    "spellbrkr": {
        "conf_int": [
            -0.035010173377122394,
            0.00018874480569382526
        ],
        "slope": -0.017410714285714286
    },
    "spirit": {
        "conf_int": [
            -0.12598662023147542,
            0.02545751970237487
        ],
        "slope": -0.05026455026455027
    },
    "temple": {
        "conf_int": [
            -0.10869037117310065,
            -0.03218264469991521
        ],
        "slope": -0.07043650793650794
    },
    "trinity": {
        "conf_int": [
            -0.03930398524412419,
            -0.0028256443855054353
        ],
        "slope": -0.021064814814814814
    },
    "tryst205": {
        "conf_int": [
            -0.4167256982944899,
            -0.08327430170551012
        ],
        "slope": -0.25
    },
    "wishbringer": {
        "conf_int": [
            -0.037171213991031876,
            -0.021809719291371984
        ],
        "slope": -0.02949046664120193
    },
    "yomomma": {
        "conf_int": [
            -0.35928811916620684,
            -0.19626743638934874
        ],
        "slope": -0.2777777777777778
    },
    "zenon": {
        "conf_int": null,
        "slope": 0.0
    },
    "zork1": {
        "conf_int": [
            -0.043910287487996254,
            -0.031359015726055726
        ],
        "slope": -0.03763465160702599
    },
    "zork2": {
        "conf_int": [
            -0.02911358037664567,
            -0.010593750939381297
        ],
        "slope": -0.019853665658013483
    },
    "zork3": {
        "conf_int": [
            -0.04040995651783667,
            -0.011683972097831083
        ],
        "slope": -0.02604696430783388
    },