{
    "905": {
        "conf_int": null,
        "slope": 0.0
    },
    "advent": {
        "conf_int": [
            -0.005034358562901561,
            0.0005069109115150307
        ],
        "slope": -0.0022637238256932655
    },
    "adventureland": {
        "conf_int": [
            -0.04587009997432963,
            -0.0001671960629664078
        ],
        "slope": -0.023018648018648016
    },
    "afflicted": {
        "conf_int": [
            -0.2798354881509233,
            -0.048735940420505275
        ],
        "slope": -0.16428571428571428
    },
    "anchor": {
        "conf_int": [
            -0.10764763099563376,
            -0.05291402956602678
        ],
        "slope": -0.08028083028083027
    },
    "awaken": {
        "conf_int": [
            -0.0985307197254383,
            -0.022067651201879993
        ],
        "slope": -0.060299185463659144
    },
    "balances": {
        "conf_int": [
            -0.10785175302892495,
            -0.004236159058987138
        ],
        "slope": -0.056043956043956046
    },
    "ballyhoo": {
        "conf_int": [
            -0.05576144839131076,
            -0.016781955916799422
        ],
        "slope": -0.03627170215405509
    },
    "curses": {
        "conf_int": [
            -0.11414517937291127,
            -0.031957256203208516
        ],
        "slope": -0.0730512177880599
    },
    "cutthroat": {
        "conf_int": [
            -0.021740100432301318,
            -0.0019029232107223206
        ],
        "slope": -0.011821511821511818
    },
    "deephome": {
        "conf_int": [
            -0.04577622997751035,
            -0.023192783465187303
        ],
        "slope": -0.034484506721348826
    },
    "detective": {
        "conf_int": [
            -0.018010289879825097,
            -0.0031558019880211577
        ],
        "slope": -0.010583045933923127
    },
    "dragon": {
        "conf_int": [
            -0.10359833139007607,
            -0.021320192024687927
        ],
        "slope": -0.062459261707382
    },
    "enchanter": {
        "conf_int": [
            -0.06047811241791777,
            -0.022918626712516998
        ],
        "slope": -0.041698369565217386
    },
    "enter": {
        "conf_int": null,
        "slope": null
    },
    "gold": {
        "conf_int": [
            -0.1963258083463364,
            -0.019058807038279016
        ],
        "slope": -0.1076923076923077
    },
    "hhgg": {
        "conf_int": [
            -0.18211591289490353,
            -0.03965279458808965
        ],
        "slope": -0.11088435374149659
    },
    "hollywood": {
        "conf_int": [
            -0.16116931638103255,
            -0.01025925504753887
        ],
        "slope": -0.08571428571428572
    },
    "huntdark": {
        "conf_int": [
            -0.07860797048824839,
            -0.005651288771010871
        ],
        "slope": -0.04212962962962963
    },
    "infidel": {
        "conf_int": [
            -0.15864087756171807,
            0.011735151708623784
        ],
        "slope": -0.07345286292654714
    },
    "inhumane": {
        "conf_int": [
            -0.0617772577275084,
            -0.004916742088663356
        ],
        "slope": -0.03334699990808588
    },
    "jewel": {
        "conf_int": [
            -0.07378779671363395,
            -0.01159544749313967
        ],
        "slope": -0.04269162210338681
    },
    "karn": {
        "conf_int": [
            -0.031627224577963325,
            -0.002213575770014053
        ],
        "slope": -0.01692040017398869
    },
    "library": {
        "conf_int": [
            -0.3077932275131562,
            0.1744598941798228
        ],
        "slope": -0.06666666666666668
    },
    "loose": {
        "conf_int": [
            -0.1599457723378434,
            -0.014884159634945715
        ],
        "slope": -0.08741496598639456
    },
    "lostpig": {
        "conf_int": [
            -0.47212365214521823,
            0.07212365214521821
        ],
        "slope": -0.2
    },
    "ludicorp": {
        "conf_int": [
            -0.06621474798432098,
            -0.014863897315788337
        ],
        "slope": -0.04053932265005466
    },
    "lurking": {
        "conf_int": [
            -0.19506400742478802,
            -0.033651721290940725
        ],
        "slope": -0.11435786435786437
    },
    "moonlit": {
        "conf_int": [
            -5.94660893746464,
            6.2799422707979735
        ],
        "slope": 0.16666666666666669
    },
    "murdac": {
        "conf_int": [
            -0.019931372719133405,
            -0.004064744329728486
        ],
        "slope": -0.011998058524430946
    },
    "night": {
        "conf_int": [
            -0.03305471719817818,
            -0.012432303521040675
        ],
        "slope": -0.022743510359609427
    },
    "omniquest": {
        "conf_int": [
            -0.03169482357382541,
            -0.006072009540456967
        ],
        "slope": -0.018883416557141187
    },
    "partyfoul": {
        "conf_int": null,
        "slope": -0.75
    },
    "pentari": {
        "conf_int": [
            -0.07622168356788746,
            -0.018677334270462875
        ],
        "slope": -0.04744950891917517
    },
    "planetfall": {
        "conf_int": [
            -0.042424429272487796,
            -0.019063923644436553
        ],
        "slope": -0.030744176458462173
    },
    "plundered": {
        "conf_int": [
            -0.07277911048709405,
            -0.018160042952059374
        ],
        "slope": -0.045469576719576715
    },
    "reverb": {
        "conf_int": [
            -0.09204802757901415,
            -0.011790356259369701
        ],
        "slope": -0.05191919191919192
    },
    "seastalker": {
        "conf_int": [
            -0.09321723939493226,
            -0.004560538382845543
        ],
        "slope": -0.0488888888888889
    },
    "sherlock": {
        "conf_int": [
            -0.23145501651945616,
            -0.031130017494149342
        ],
        "slope": -0.13129251700680275
    },
    "snacktime": {
        "conf_int": null,
        "slope": 0.0
    },
    "sorcerer": {
        "conf_int": [
            -0.08377494435506017,
            -0.021588464166243108
        ],
        "slope": -0.052681704260651635
    },
    "spellbrkr": {
        "conf_int": [
            -0.05610452833438001,
            -0.009570074840223167
        ],
        "slope": -0.03283730158730159
    },
    "spirit": {
        "conf_int": [
            -0.13996092549164726,
            0.017666553197274996
        ],
        "slope": -0.06114718614718614
    },
    "temple": {
        "conf_int": [
            -0.14616295334723933,
            -0.05291112072683473
        ],
        "slope": -0.09953703703703703
    },
    "trinity": {
        "conf_int": [
            -0.07719000690814029,
            -0.01659306187492849
        ],
        "slope": -0.046891534391534394
    },
    "tryst205": {
        "conf_int": [
            -0.4167256982944899,
            -0.08327430170551012
        ],
        "slope": -0.25
    },
    "wishbringer": {
        "conf_int": [
            -0.03934828039538142,
            -0.02368494046872179
        ],
        "slope": -0.0315166104320516
    },
    "yomomma": {
        "conf_int": [
            -0.6853294847198655,
            0.12977392916430996
        ],
        "slope": -0.2777777777777778
    },
    "zenon": {
        "conf_int": [
            -0.045252916092863464,
            -0.013867424845659296
        ],
        "slope": -0.02956017046926138
    },
    "zork1": {
        "conf_int": [
            -0.058176099962319226,
            -0.04027336674149375
        ],
        "slope": -0.04922473335190649
    },
    "zork2": {
        "conf_int": [
            -0.033273204096007813,
            -0.014813486990683258
        ],
        "slope": -0.024043345543345536
    },