{
    "905": {
        "conf_int": null,
        "slope": 0.0
    },
    "adventureland": {
        "conf_int": [
            -0.04587009997432963,
            -0.0001671960629664078
        ],
        "slope": -0.023018648018648016
    },
    "afflicted": {
        "conf_int": [
            -0.2798354881509233,
            -0.048735940420505275
        ],
        "slope": -0.16428571428571428
    },
    "anchor": {
        "conf_int": [
            -0.10764763099563376,
            -0.05291402956602678
        ],
        "slope": -0.08028083028083027
    },
    "awaken": {
        "conf_int": [
            -0.0985307197254383,
            -0.022067651201879993
        ],
        "slope": -0.060299185463659144
    },
    "ballyhoo": {
        "conf_int": [
            -0.05576144839131076,
            -0.016781955916799422
        ],
        "slope": -0.03627170215405509
    },
    "curses": {
        "conf_int": [
            -0.11414517937291127,
            -0.031957256203208516
        ],
        "slope": -0.0730512177880599
    },
    "cutthroat": {
        "conf_int": [
            -0.021740100432301318,
            -0.0019029232107223206
        ],
        "slope": -0.011821511821511818
    },
    "deephome": {
        "conf_int": [
            -0.04577622997751035,
            -0.023192783465187303
        ],
        "slope": -0.034484506721348826
    },
    "dragon": {
        "conf_int": [
            -0.10359833139007607,
            -0.021320192024687927
        ],
        "slope": -0.062459261707382
    },
    "enchanter": {
        "conf_int": [
            -0.06047811241791777,
            -0.022918626712516998
        ],
        "slope": -0.041698369565217386
    },
    "enter": {
        "conf_int": null,
        "slope": null
    },
    "gold": {
        "conf_int": [
            -0.1963258083463364,
            -0.019058807038279016
        ],
        "slope": -0.1076923076923077
    },
    "hhgg": {
        "conf_int": [
            -0.18211591289490353,
            -0.03965279458808965
        ],
        "slope": -0.11088435374149659
    },
    "hollywood": {
        "conf_int": [
            -0.16116931638103255,
            -0.01025925504753887
        ],
        "slope": -0.08571428571428572
    },
    "infidel": {
        "conf_int": [
            -0.15864087756171807,
            0.011735151708623784
        ],
        "slope": -0.07345286292654714
    },
    "inhumane": {
        "conf_int": [
            -0.0617772577275084,
            -0.004916742088663356
        ],
        "slope": -0.03334699990808588
    },
    "jewel": {
        "conf_int": [
            -0.07378779671363395,
            -0.01159544749313967
        ],
        "slope": -0.04269162210338681
    },
    "loose": {
        "conf_int": [
            -0.1599457723378434,
            -0.014884159634945715
        ],
        "slope": -0.08741496598639456
    },
    "lostpig": {
        "conf_int": [
            -0.47212365214521823,
            0.07212365214521821
        ],
        "slope": -0.2
    },
    "ludicorp": {
        "conf_int": [
            -0.06621474798432098,
            -0.014863897315788337
        ],
        "slope": -0.04053932265005466
    },
    "moonlit": {
        "conf_int": [
            -5.94660893746464,
            6.2799422707979735
        ],
        "slope": 0.16666666666666669
    },
    "night": {
        "conf_int": [
            -0.03305471719817818,
            -0.012432303521040675
        ],
        "slope": -0.022743510359609427
    },
    "pentari": {
        "conf_int": [
            -0.07622168356788746,
            -0.018677334270462875
        ],
        "slope": -0.04744950891917517
    },
    "planetfall": {
        "conf_int": [
            -0.042424429272487796,
            -0.019063923644436553
        ],
        "slope": -0.030744176458462173
    },
    "reverb": {
        "conf_int": [
            -0.09204802757901415,
            -0.011790356259369701
        ],
        "slope": -0.05191919191919192
    },
    "snacktime": {
        "conf_int": null,
        "slope": 0.0
    },
    "sorcerer": {
        "conf_int": [
            -0.08377494435506017,
            -0.021588464166243108
        ],
        "slope": -0.052681704260651635
    },
    "temple": {
        "conf_int": [
            -0.14616295334723933,
            -0.05291112072683473
        ],
        "slope": -0.09953703703703703
    },
    "tryst205": {
        "conf_int": [
            -0.4167256982944899,
            -0.08327430170551012
        ],
        "slope": -0.25
    },
    "wishbringer": {
        "conf_int": [
            -0.03934828039538142,
            -0.02368494046872179
        ],
        "slope": -0.0315166104320516
    },
    "yomomma": {
        "conf_int": [
            -0.6853294847198655,
            0.12977392916430996
        ],
        "slope": -0.2777777777777778
    },
    "zork1": {
        "conf_int": [
            -0.058176099962319226,
            -0.04027336674149375
        ],
        "slope": -0.04922473335190649
    },
    "zork2": {
        "conf_int": [
            -0.033273204096007813,
            -0.014813486990683258
        ],
        "slope": -0.024043345543345536
    },
    "zork3": {
        "conf_int": [
            -0.048252237185849145,
            -0.014296293188768183
        ],
        "slope": -0.031274265187308664
    },
    "ztuu": {
        "conf_int": [
            -0.25200410381485977,
            -0.02998057816982229
        ],
        "slope": -0.14099234099234104
    }
}