model_name,desti_nice,desti_harsh,route_nice,route_harsh
llama,0.512263304668758,0.44539006543851906,0.13880312559557842,0.1027784584388358
