{
    "905": {
        "conf_int": null,
        "slope": 0.0
    },
    "adventureland": {
        "conf_int": [
            -0.07725407669526795,
            -0.03444343631803454
        ],
        "slope": -0.05584875650665124
    },
    "afflicted": {
        "conf_int": [
            -0.09263214879283317,
            0.06929881545949985
        ],
        "slope": -0.011666666666666655
    },
    "anchor": {
        "conf_int": [
            -0.14508700153310866,
            -0.07435744291133577
        ],
        "slope": -0.10972222222222222
    },
    "awaken": {
        "conf_int": [
            -0.07131576044341167,
            -0.03429208106426005
        ],
        "slope": -0.05280392075383586
    },
    "ballyhoo": {
        "conf_int": [
            -0.0874437525723562,
            -0.029117431341768897
        ],
        "slope": -0.058280591957062554
    },
    "curses": {
        "conf_int": [
            -0.11420635669308132,
            -0.04228481295598308
        ],
        "slope": -0.0782455848245322
    },
    "cutthroat": {
        "conf_int": [
            -0.02298304940401555,
            -0.0019651907616159165
        ],
        "slope": -0.012474120082815733
    },
    "deephome": {
        "conf_int": [
            -0.07838328266832972,
            -0.0026431470423105216
        ],
        "slope": -0.040513214855320126
    },
    "dragon": {
        "conf_int": [
            -0.08174379617287596,
            -0.020032952719257546
        ],
        "slope": -0.05088837444606675
    },
    "enchanter": {
        "conf_int": [
            -0.06404984944588595,
            -0.028876737855701357
        ],
        "slope": -0.04646329365079365
    },
    "enter": {
        "conf_int": null,
        "slope": null
    },
    "gold": {
        "conf_int": [
            -0.09318764758763749,
            0.13329753769752758
        ],
        "slope": 0.02005494505494505
    },
    "hhgg": {
        "conf_int": [
            -0.14261159680201005,
            0.14873404578160185
        ],
        "slope": 0.003061224489795911
    },
    "hollywood": {
        "conf_int": [
            -0.3034935599782419,
            0.30213301576055485
        ],
        "slope": -0.0006802721088435477
    },
    "infidel": {
        "conf_int": [
            -0.14321629509716652,
            -0.049750460369588946
        ],
        "slope": -0.09648337773337773
    },
    "inhumane": {
        "conf_int": [
            -0.08034658410220019,
            -0.017470459964843886
        ],
        "slope": -0.04890852203352204
    },
    "jewel": {
        "conf_int": [
            -0.07156497414117816,
            -0.015167900826990925
        ],
        "slope": -0.043366437484084544
    },
    "loose": {
        "conf_int": [
            0.04344444381182797,
            0.12458276707252577
        ],
        "slope": 0.08401360544217687
    },
    "lostpig": {
        "conf_int": [
            -1.0918817782751005,
            0.6118817782751005
        ],
        "slope": -0.24000000000000005
    },
    "ludicorp": {
        "conf_int": [
            -0.08629551722734827,
            -0.027030744074324722
        ],
        "slope": -0.056663130650836495
    },
    "moonlit": {
        "conf_int": null,
        "slope": 0.0
    },
    "night": {
        "conf_int": [
            -0.04492419228520085,
            -0.012114558437760402
        ],
        "slope": -0.028519375361480626
    },
    "pentari": {
        "conf_int": [
            -0.07673177853992483,
            -0.02714316239937161
        ],
        "slope": -0.051937470469648216
    },
    "planetfall": {
        "conf_int": [
            -0.07144574967393591,
            -0.042381811653625395
        ],
        "slope": -0.05691378066378065
    },
    "reverb": {
        "conf_int": [
            -0.093246375143623,
            -0.02249243150427456
        ],
        "slope": -0.05786940332394878
    },
    "snacktime": {
        "conf_int": null,
        "slope": -0.33333333333333337
    },
    "sorcerer": {
        "conf_int": [
            -0.09757365261117915,
            -0.028847956968325178
        ],
        "slope": -0.06321080478975216
    },
    "temple": {
        "conf_int": [
            -0.16660020970875786,
            -0.02645534584679768
        ],
        "slope": -0.09652777777777777
    },
    "tryst205": {
        "conf_int": [
            -1.4796241617822985,
            1.1046241617822985
        ],
        "slope": -0.1875
    },
    "wishbringer": {
        "conf_int": [
            -0.06781662597323328,
            -0.03897837232911794
        ],
        "slope": -0.05339749915117561
    },
    "yomomma": {
        "conf_int": [
            -0.44807442566847855,
            0.4849575425515954
        ],
        "slope": 0.018441558441558425
    },
    "zork1": {
        "conf_int": [
            -0.05797459842924013,
            -0.034941516900825295
        ],
        "slope": -0.04645805766503271
    },
    "zork2": {
        "conf_int": [
            -0.03533856395744131,
            -0.01150262941645998
        ],
        "slope": -0.023420596686950644
    },
    "zork3": {
        "conf_int": [
            -0.04876922841440226,
            -0.024423547100447515
        ],
        "slope": -0.03659638775742489
    },
    "ztuu": {
        "conf_int": [
            -0.2474960925931735,
            -0.07704603194895099
        ],
        "slope": -0.16227106227106225
    }
}