{
    "905": {
        "conf_int": null,
        "slope": 0.0
    },
    "adventureland": {
        "conf_int": [
            -0.08657100992964747,
            -0.04491758919053063
        ],
        "slope": -0.06574429956008905
    },
    "afflicted": {
        "conf_int": [
            0.01996772614249212,
            0.09527036909560313
        ],
        "slope": 0.057619047619047625
    },
    "anchor": {
        "conf_int": [
            -0.04786710477363487,
            0.06268191958844968
        ],
        "slope": 0.007407407407407403
    },
    "awaken": {
        "conf_int": [
            -0.05167663835944919,
            -0.0006278521801084784
        ],
        "slope": -0.026152245269778836
    },
    "ballyhoo": {
        "conf_int": [
            -0.09014819075609888,
            -0.032988411204032494
        ],
        "slope": -0.06156830098006569
    },
    "curses": {
        "conf_int": [
            -0.1095128340490757,
            0.016112082753587567
        ],
        "slope": -0.04670037564774407
    },
    "cutthroat": {
        "conf_int": [
            -0.03164160775241601,
            -0.0022481438003790176
        ],
        "slope": -0.016944875776397514
    },
    "deephome": {
        "conf_int": [
            -0.060536796730988024,
            0.013565201075181832
        ],
        "slope": -0.023485797827903096
    },
    "dragon": {
        "conf_int": [
            -0.08104662882256354,
            0.05086078902133913
        ],
        "slope": -0.015092919900612206
    },
    "enchanter": {
        "conf_int": [
            -0.07178517059046116,
            -0.03786286253583286
        ],
        "slope": -0.05482401656314701
    },
    "enter": {
        "conf_int": null,
        "slope": null
    },
    "gold": {
        "conf_int": [
            -0.06809084657390871,
            0.11003223851530064
        ],
        "slope": 0.020970695970695966
    },
    "hhgg": {
        "conf_int": [
            -0.12307713371844949,
            0.11491386841232702
        ],
        "slope": -0.004081632653061229
    },
    "hollywood": {
        "conf_int": [
            -0.3034935599782419,
            0.30213301576055485
        ],
        "slope": -0.0006802721088435477
    },
    "infidel": {
        "conf_int": [
            -0.15895407218818466,
            -0.04322222373811124
        ],
        "slope": -0.10108814796314795
    },
    "inhumane": {
        "conf_int": [
            -0.07568784102013724,
            -0.04252214343984721
        ],
        "slope": -0.05910499222999223
    },
    "jewel": {
        "conf_int": [
            -0.07902691991753516,
            0.005349812711016172
        ],
        "slope": -0.036838553603259494
    },
    "loose": {
        "conf_int": [
            0.044637074219417656,
            0.1091044223792218
        ],
        "slope": 0.07687074829931972
    },
    "lostpig": {
        "conf_int": [
            -0.08904826271062517,
            0.20904826271062515
        ],
        "slope": 0.059999999999999984
    },
    "ludicorp": {
        "conf_int": [
            -0.05965660467192084,
            0.022696856490934225
        ],
        "slope": -0.018479874090493308
    },
    "moonlit": {
        "conf_int": null,
        "slope": 0.0
    },
    "night": {
        "conf_int": [
            -0.06421316696964185,
            -0.037364759747603726
        ],
        "slope": -0.05078896335862279
    },
    "pentari": {
        "conf_int": [
            -0.06830667064666471,
            -0.01832322782169956
        ],
        "slope": -0.04331494923418214
    },
    "planetfall": {
        "conf_int": [
            -0.07087932152907819,
            -0.038302290509676686
        ],
        "slope": -0.05459080601937744
    },
    "reverb": {
        "conf_int": [
            -0.0853382526540242,
            -0.012481806075125446
        ],
        "slope": -0.04891002936457482
    },
    "snacktime": {
        "conf_int": null,
        "slope": 0.0
    },
    "sorcerer": {
        "conf_int": [
            -0.041741199940104556,
            0.07921544109855623
        ],
        "slope": 0.01873712057922584
    },
    "temple": {
        "conf_int": [
            -0.08312149800991446,
            0.10613737102578748
        ],
        "slope": 0.011507936507936509
    },
    "tryst205": {
        "conf_int": [
            -0.7572051674673317,
            0.715538500800665
        ],
        "slope": -0.020833333333333343
    },
    "wishbringer": {
        "conf_int": [
            -0.0549597307302971,
            -0.019601707481351194
        ],
        "slope": -0.037280719105824145
    },
    "yomomma": {
        "conf_int": [
            -0.1796399848320417,
            0.181977647169704
        ],
        "slope": 0.0011688311688311526
    },
    "zork1": {
        "conf_int": [
            -0.020845593143979147,
            0.021149982243214353
        ],
        "slope": 0.000152194549617603
    },
    "zork2": {
        "conf_int": [
            -0.039382691045407016,
            -0.022743447469856674
        ],
        "slope": -0.031063069257631845
    },
    "zork3": {
        "conf_int": [
            -0.056884560892412825,
            -0.034902984856072
        ],
        "slope": -0.045893772874242414
    },
    "ztuu": {
        "conf_int": [
            -0.22480155905984908,
            -0.09835528409699404
        ],
        "slope": -0.16157842157842156
    }
}