{
    "905": {
        "conf_int": null,
        "slope": 0.0
    },
    "advent": {
        "conf_int": [
            -0.005351029859519036,
            -0.0013251773447933413
        ],
        "slope": -0.0033381036021561884
    },
    "adventureland": {
        "conf_int": [
            -0.08657100992964747,
            -0.04491758919053063
        ],
        "slope": -0.06574429956008905
    },
    "afflicted": {
        "conf_int": [
            0.01996772614249212,
            0.09527036909560313
        ],
        "slope": 0.057619047619047625
    },
    "anchor": {
        "conf_int": [
            -0.02812160071882574,
            0.09105200364922866
        ],
        "slope": 0.031465201465201466
    },
    "awaken": {
        "conf_int": [
            -0.05167663835944919,
            -0.0006278521801084784
        ],
        "slope": -0.026152245269778836
    },
    "balances": {
        "conf_int": [
            -0.10825203413823417,
            0.02581155794775799
        ],
        "slope": -0.041220238095238095
    },
    "ballyhoo": {
        "conf_int": [
            -0.073222536661656,
            -0.025238636032926313
        ],
        "slope": -0.049230586347291154
    },
    "curses": {
        "conf_int": [
            -0.10198224059503612,
            0.04216924657151576
        ],
        "slope": -0.02990649701176018
    },
    "cutthroat": {
        "conf_int": [
            -0.028092083405263,
            -0.003194924605882934
        ],
        "slope": -0.015643504005572968
    },
    "deephome": {
        "conf_int": [
            -0.060536796730988024,
            0.013565201075181832
        ],
        "slope": -0.023485797827903096
    },
    "detective": {
        "conf_int": [
            -0.023210871016134966,
            -0.0024330536102457993
        ],
        "slope": -0.012821962313190383
    },
    "dragon": {
        "conf_int": [
            -0.06912592237731316,
            -0.01182785049432631
        ],
        "slope": -0.04047688643581974
    },
    "enchanter": {
        "conf_int": [
            -0.07178517059046116,
            -0.03786286253583286
        ],
        "slope": -0.05482401656314701
    },
    "enter": {
        "conf_int": null,
        "slope": null
    },
    "gold": {
        "conf_int": [
            -0.06809084657390871,
            0.11003223851530064
        ],
        "slope": 0.020970695970695966
    },
    "hhgg": {
        "conf_int": [
            -0.12307713371844949,
            0.11491386841232702
        ],
        "slope": -0.004081632653061229
    },
    "hollywood": {
        "conf_int": [
            -0.3034935599782419,
            0.30213301576055485
        ],
        "slope": -0.0006802721088435477
    },
    "huntdark": {
        "conf_int": [
            -0.07883634714254754,
            0.07367761698381738
        ],
        "slope": -0.002579365079365078
    },
    "infidel": {
        "conf_int": [
            -0.1196618539056517,
            -0.02434215795550304
        ],
        "slope": -0.07200200593057737
    },
    "inhumane": {
        "conf_int": [
            -0.07671866038869166,
            -0.037618135337556376
        ],
        "slope": -0.05716839786312402
    },
    "jewel": {
        "conf_int": [
            -0.07902691991753516,
            0.005349812711016172
        ],
        "slope": -0.036838553603259494
    },
    "karn": {
        "conf_int": [
            -0.03706767347590076,
            -0.020195600462757292
        ],
        "slope": -0.028631636969329025
    },
    "library": {
        "conf_int": [
            -0.10066090798703753,
            0.4006609079870376
        ],
        "slope": 0.15000000000000002
    },
    "loose": {
        "conf_int": [
            0.044637074219417656,
            0.1091044223792218
        ],
        "slope": 0.07687074829931972
    },
    "lostpig": {
        "conf_int": [
            -0.08904826271062517,
            0.20904826271062515
        ],
        "slope": 0.059999999999999984
    },
    "ludicorp": {
        "conf_int": [
            -0.05965660467192084,
            0.022696856490934225
        ],
        "slope": -0.018479874090493308
    },
    "lurking": {
        "conf_int": [
            -0.16067980419288413,
            0.17698572049880046
        ],
        "slope": 0.00815295815295816
    },
    "moonlit": {
        "conf_int": null,
        "slope": 0.0
    },
    "murdac": {
        "conf_int": [
            -0.030170746978547124,
            -0.013662597500987805
        ],
        "slope": -0.021916672239767464
    },
    "night": {
        "conf_int": [
            -0.060258431384030135,
            -0.035515272111603595
        ],
        "slope": -0.047886851747816865
    },
    "omniquest": {
        "conf_int": [
            -0.03363956882875804,
            -0.012950349324906327
        ],
        "slope": -0.023294959076832187
    },
    "partyfoul": {
        "conf_int": null,
        "slope": -0.25
    },
    "pentari": {
        "conf_int": [
            -0.06830667064666471,
            -0.01832322782169956
        ],
        "slope": -0.04331494923418214
    },
    "planetfall": {
        "conf_int": [
            -0.07087932152907819,
            -0.038302290509676686
        ],
        "slope": -0.05459080601937744
    },
    "plundered": {
        "conf_int": [
            -0.07749792488293585,
            -0.02846753822538441
        ],
        "slope": -0.052982731554160126
    },
    "reverb": {
        "conf_int": [
            -0.0853382526540242,
            -0.012481806075125446
        ],
        "slope": -0.04891002936457482
    },
    "seastalker": {
        "conf_int": [
            -0.1424592170532892,
            0.2265862011802733
        ],
        "slope": 0.04206349206349206
    },
    "sherlock": {
        "conf_int": [
            -0.2374321929577019,
            0.3223301521413754
        ],
        "slope": 0.042448979591836744
    },
    "snacktime": {
        "conf_int": null,
        "slope": 0.0
    },
    "sorcerer": {
        "conf_int": [
            -0.041741199940104556,
            0.07921544109855623
        ],
        "slope": 0.01873712057922584
    },
    "spellbrkr": {
        "conf_int": [
            -0.050397738960897956,
            0.031191389754548757
        ],
        "slope": -0.009603174603174601
    },
    "spirit": {
        "conf_int": [
            -0.09698807038171314,
            -0.038774315380672636
        ],
        "slope": -0.06788119288119289
    },
    "temple": {
        "conf_int": [
            -0.08312149800991446,
            0.10613737102578748
        ],
        "slope": 0.011507936507936509
    },
    "trinity": {
        "conf_int": [
            -0.1313238432078826,
            0.04990849929253869
        ],
        "slope": -0.04070767195767195
    },
    "tryst205": {
        "conf_int": [
            -0.7572051674673317,
            0.715538500800665
        ],
        "slope": -0.020833333333333343
    },
    "wishbringer": {
        "conf_int": [
            -0.0549597307302971,
            -0.019601707481351194
        ],
        "slope": -0.037280719105824145
    },
    "yomomma": {
        "conf_int": [
            -0.20302966233992326,
            0.15572807503833597
        ],
        "slope": -0.02365079365079366
    },
    "zenon": {
        "conf_int": [
            -0.04422223121904703,
            0.004885810064444062
        ],
        "slope": -0.019668210577301486
    },
    "zork1": {
        "conf_int": [
            -0.019821419350499518,
            0.019853801184351934
        ],
        "slope": 1.6190916926209055e-05
    },
    "zork2": {
        "conf_int": [
            -0.039100888357259125,
            -0.020362077131399148
        ],
        "slope": -0.029731482744329137
    },
    "zork3": {
        "conf_int": [
            -0.05338201448071961,
            -0.030380554414303068
        ],
        "slope": -0.04188128444751134
    },