{
    "905": {
        "conf_int": null,
        "slope": 0.0
    },
    "advent": {
        "conf_int": [
            -0.004444140530820503,
            8.265349051158341e-05
        ],
        "slope": -0.0021807435201544596
    },
    "adventureland": {
        "conf_int": [
            -0.07725407669526795,
            -0.03444343631803454
        ],
        "slope": -0.05584875650665124
    },
    "afflicted": {
        "conf_int": [
            -0.09263214879283317,
            0.06929881545949985
        ],
        "slope": -0.011666666666666655
    },
    "anchor": {
        "conf_int": [
            -0.12476478552178676,
            -0.06611433535733412
        ],
        "slope": -0.09543956043956044
    },
    "awaken": {
        "conf_int": [
            -0.07131576044341167,
            -0.03429208106426005
        ],
        "slope": -0.05280392075383586
    },
    "balances": {
        "conf_int": [
            -0.12636361667560356,
            0.06603198402254234
        ],
        "slope": -0.0301658163265306
    },
    "ballyhoo": {
        "conf_int": [
            -0.07930652575087,
            -0.02056747413685988
        ],
        "slope": -0.04993699994386493
    },
    "curses": {
        "conf_int": [
            -0.11420635669308132,
            -0.04228481295598308
        ],
        "slope": -0.0782455848245322
    },
    "cutthroat": {
        "conf_int": [
            -0.02055629578271123,
            -0.0019184516920362372
        ],
        "slope": -0.011237373737373733
    },
    "deephome": {
        "conf_int": [
            -0.07838328266832972,
            -0.0026431470423105216
        ],
        "slope": -0.040513214855320126
    },
    "detective": {
        "conf_int": [
            -0.02259976966414857,
            -0.0012247917393601974
        ],
        "slope": -0.011912280701754385
    },
    "dragon": {
        "conf_int": [
            -0.07119440359337667,
            -0.01636879328300702
        ],
        "slope": -0.04378159843819185
    },
    "enchanter": {
        "conf_int": [
            -0.06404984944588595,
            -0.028876737855701357
        ],
        "slope": -0.04646329365079365
    },
    "enter": {
        "conf_int": null,
        "slope": null
    },
    "gold": {
        "conf_int": [
            -0.09318764758763749,
            0.13329753769752758
        ],
        "slope": 0.02005494505494505
    },
    "hhgg": {
        "conf_int": [
            -0.14261159680201005,
            0.14873404578160185
        ],
        "slope": 0.003061224489795911
    },
    "hollywood": {
        "conf_int": [
            -0.3034935599782419,
            0.30213301576055485
        ],
        "slope": -0.0006802721088435477
    },
    "huntdark": {
        "conf_int": [
            -0.06309790771043133,
            -0.015870346257822635
        ],
        "slope": -0.03948412698412698
    },
    "infidel": {
        "conf_int": [
            -0.1306623608222009,
            -0.03108541521128942
        ],
        "slope": -0.08087388801674515
    },
    "inhumane": {
        "conf_int": [
            -0.07723980691139404,
            -0.015233119080801709
        ],
        "slope": -0.04623646299609787
    },
    "jewel": {
        "conf_int": [
            -0.07156497414117816,
            -0.015167900826990925
        ],
        "slope": -0.043366437484084544
    },
    "karn": {
        "conf_int": [
            -0.03246636994924789,
            -0.011749876482755306
        ],
        "slope": -0.0221081232160016
    },
    "library": {
        "conf_int": [
            -0.10066090798703753,
            0.4006609079870376
        ],
        "slope": 0.15000000000000002
    },
    "loose": {
        "conf_int": [
            0.04344444381182797,
            0.12458276707252577
        ],
        "slope": 0.08401360544217687
    },
    "lostpig": {
        "conf_int": [
            -1.0918817782751005,
            0.6118817782751005
        ],
        "slope": -0.24000000000000005
    },
    "ludicorp": {
        "conf_int": [
            -0.08629551722734827,
            -0.027030744074324722
        ],
        "slope": -0.056663130650836495
    },
    "lurking": {
        "conf_int": [
            -0.12756025919159641,
            -0.027562395931058685
        ],
        "slope": -0.07756132756132755
    },
    "moonlit": {
        "conf_int": null,
        "slope": 0.0
    },
    "murdac": {
        "conf_int": [
            -0.02582040218656407,
            -0.002590319800009311
        ],
        "slope": -0.014205360993286691
    },
    "night": {
        "conf_int": [
            -0.050556001415657026,
            -0.017217277936569683
        ],
        "slope": -0.033886639676113356
    },
    "omniquest": {
        "conf_int": [
            -0.035553239624669296,
            -0.00992413840810491
        ],
        "slope": -0.022738689016387103
    },
    "partyfoul": {
        "conf_int": null,
        "slope": -0.25
    },
    "pentari": {
        "conf_int": [
            -0.07673177853992483,
            -0.02714316239937161
        ],
        "slope": -0.051937470469648216
    },
    "planetfall": {
        "conf_int": [
            -0.07144574967393591,
            -0.042381811653625395
        ],
        "slope": -0.05691378066378065
    },
    "plundered": {
        "conf_int": [
            -0.03988840490996619,
            -0.010120316527326667
        ],
        "slope": -0.025004360718646427
    },
    "reverb": {
        "conf_int": [
            -0.093246375143623,
            -0.02249243150427456
        ],
        "slope": -0.05786940332394878
    },
    "seastalker": {
        "conf_int": [
            -0.19722394256288062,
            0.09706521240415045
        ],
        "slope": -0.050079365079365085
    },
    "sherlock": {
        "conf_int": [
            -0.19742681693422287,
            -0.003389509596389381
        ],
        "slope": -0.10040816326530612
    },
    "snacktime": {
        "conf_int": null,
        "slope": -0.33333333333333337
    },
    "sorcerer": {
        "conf_int": [
            -0.09757365261117915,
            -0.028847956968325178
        ],
        "slope": -0.06321080478975216
    },
    "spellbrkr": {
        "conf_int": [
            -0.06757935676134838,
            -0.0244973628153712
        ],
        "slope": -0.04603835978835979
    },
    "spirit": {
        "conf_int": [
            -0.0925850665870684,
            -0.026823302821300993
        ],
        "slope": -0.0597041847041847
    },
    "temple": {
        "conf_int": [
            -0.16660020970875786,
            -0.02645534584679768
        ],
        "slope": -0.09652777777777777
    },
    "trinity": {
        "conf_int": [
            -0.15607146979353043,
            -0.029708953486892883
        ],
        "slope": -0.09289021164021165
    },
    "tryst205": {
        "conf_int": [
            -1.4796241617822985,
            1.1046241617822985
        ],
        "slope": -0.1875
    },
    "wishbringer": {
        "conf_int": [
            -0.06781662597323328,
            -0.03897837232911794
        ],
        "slope": -0.05339749915117561
    },
    "yomomma": {
        "conf_int": [
            -0.3458582242898843,
            0.06712806555972556
        ],
        "slope": -0.13936507936507936
    },
    "zenon": {
        "conf_int": [
            -0.023409674491994423,
            -0.0012989502166302885
        ],
        "slope": -0.012354312354312355
    },
    "zork1": {
        "conf_int": [
            -0.06099948571022751,
            -0.03435632857201183
        ],
        "slope": -0.04767790714111967
    },
    "zork2": {
        "conf_int": [
            -0.038287077309200876,
            -0.010586013003769598
        ],
        "slope": -0.02443654515648524
    },
    "zork3": {
        "conf_int": [
            -0.04446355258175972,
            -0.022288005657848282
        ],
        "slope": -0.033375779119804
    },