model_name,desti_nice,desti_harsh,route_nice,route_harsh
llama_anno,0.2835168075035469,0.2667573573922655,0.10661602548395,0.08069509107244956
