model_name,desti_nice,desti_harsh,route_nice,route_harsh
gpt4,0.7726810409842011,0.7067820034839926,0.6121863950220728,0.5756831567818169
gpt3.5,0.4336560103674608,0.32996857548164094,0.24023491276796316,0.1877537934530983
