{
    "905": {
        "conf_int": null,
        "slope": 0.0
    },
    "advent": {
        "conf_int": [
            -0.005351029859519036,
            -0.0013251773447933413
        ],
        "slope": -0.0033381036021561884
    },
    "adventureland": {
        "conf_int": [
            -0.08657100992964747,
            -0.04491758919053063
        ],
        "slope": -0.06574429956008905
    },
    "afflicted": {
        "conf_int": [
            0.01996772614249212,
            0.09527036909560313
        ],
        "slope": 0.057619047619047625
    },
    "anchor": {
        "conf_int": [
            -0.02812160071882574,
            0.09105200364922866
        ],
        "slope": 0.031465201465201466
    },
    "awaken": {
        "conf_int": [
            -0.04999166861630372,
            0.0009996550734335703
        ],
        "slope": -0.024496006771435076
    },
    "balances": {
        "conf_int": [
            -0.1072238891961205,
            0.02924769871993004
        ],
        "slope": -0.03898809523809523
    },
    "ballyhoo": {
        "conf_int": [
            -0.07279341640220299,
            -0.0251627057873288
        ],
        "slope": -0.0489780610947659
    },
    "curses": {
        "conf_int": [
            -0.09946848592755009,
            0.04178202034634765
        ],
        "slope": -0.028843232790601223
    },
    "cutthroat": {
        "conf_int": [
            -0.028092083405263,
            -0.003194924605882934
        ],
        "slope": -0.015643504005572968
    },
    "deephome": {
        "conf_int": [
            -0.060536796730988024,
            0.013565201075181832
        ],
        "slope": -0.023485797827903096
    },
    "detective": {
        "conf_int": [
            -0.023765358108312352,
            -0.0027557595005245576
        ],
        "slope": -0.013260558804418456
    },
    "dragon": {
        "conf_int": [
            -0.06912592237731316,
            -0.01182785049432631
        ],
        "slope": -0.04047688643581974
    },
    "enchanter": {
        "conf_int": [
            -0.07178517059046116,
            -0.03786286253583286
        ],
        "slope": -0.05482401656314701
    },
    "enter": {
        "conf_int": null,
        "slope": null
    },
    "gold": {
        "conf_int": [
            -0.06826732641822451,
            0.09921970737060544
        ],
        "slope": 0.015476190476190468
    },
    "hhgg": {
        "conf_int": [
            -0.12307713371844949,
            0.11491386841232702
        ],
        "slope": -0.004081632653061229
    },
    "hollywood": {
        "conf_int": [
            -0.3034935599782419,
            0.30213301576055485
        ],
        "slope": -0.0006802721088435477
    },
    "huntdark": {
        "conf_int": [
            -0.07883634714254754,
            0.07367761698381738
        ],
        "slope": -0.002579365079365078
    },
    "infidel": {
        "conf_int": [
            -0.1196618539056517,
            -0.02434215795550304
        ],
        "slope": -0.07200200593057737
    },
    "inhumane": {
        "conf_int": [
            -0.0802076301461016,
            -0.0379753194263003
        ],
        "slope": -0.059091474786200957
    },
    "jewel": {
        "conf_int": [
            -0.07887247098050301,
            0.007334401207139123
        ],
        "slope": -0.03576903488668195
    },
    "karn": {
        "conf_int": [
            -0.03738020000472296,
            -0.020563346042778624
        ],
        "slope": -0.028971773023750792
    },
    "library": {
        "conf_int": [
            -0.10066090798703753,
            0.4006609079870376
        ],
        "slope": 0.15000000000000002
    },
    "loose": {
        "conf_int": [
            0.044637074219417656,
            0.1091044223792218
        ],
        "slope": 0.07687074829931972
    },
    "lostpig": {
        "conf_int": [
            -0.08904826271062517,
            0.20904826271062515
        ],
        "slope": 0.059999999999999984
    },
    "ludicorp": {
        "conf_int": [
            -0.05965660467192084,
            0.022696856490934225
        ],
        "slope": -0.018479874090493308
    },
    "lurking": {
        "conf_int": [
            -0.16067980419288413,
            0.17698572049880046
        ],
        "slope": 0.00815295815295816
    },
    "moonlit": {
        "conf_int": null,
        "slope": 0.0
    },
    "murdac": {
        "conf_int": [
            -0.029907085682800205,
            -0.012864167293466733
        ],
        "slope": -0.02138562648813347
    },
    "night": {
        "conf_int": [
            -0.06603903228719984,
            -0.03256970675497572
        ],
        "slope": -0.04930436952108778
    },
    "omniquest": {
        "conf_int": [
            -0.033051678455352215,
            -0.012394678313034695
        ],
        "slope": -0.022723178384193455
    },
    "partyfoul": {
        "conf_int": null,
        "slope": -0.25
    },
    "pentari": {
        "conf_int": [
            -0.06830667064666471,
            -0.01832322782169956
        ],
        "slope": -0.04331494923418214
    },
    "planetfall": {
        "conf_int": [
            -0.07087932152907819,
            -0.038302290509676686
        ],
        "slope": -0.05459080601937744
    },
    "plundered": {
        "conf_int": [
            -0.07749792488293585,
            -0.02846753822538441
        ],
        "slope": -0.052982731554160126
    },
    "reverb": {
        "conf_int": [
            -0.08469699773483252,
            -0.00892725679851291
        ],
        "slope": -0.04681212726667272
    },
    "seastalker": {
        "conf_int": [
            -0.1424592170532892,
            0.2265862011802733
        ],
        "slope": 0.04206349206349206
    },
    "sherlock": {
        "conf_int": [
            -0.2374321929577019,
            0.3223301521413754
        ],
        "slope": 0.042448979591836744
    },
    "snacktime": {
        "conf_int": null,
        "slope": 0.0
    },
    "sorcerer": {
        "conf_int": [
            -0.041741199940104556,
            0.07921544109855623
        ],
        "slope": 0.01873712057922584
    },
    "spellbrkr": {
        "conf_int": [
            -0.050397738960897956,
            0.031191389754548757
        ],
        "slope": -0.009603174603174601
    },
    "spirit": {
        "conf_int": [
            -0.09698807038171314,
            -0.038774315380672636
        ],
        "slope": -0.06788119288119289
    },
    "temple": {
        "conf_int": [
            -0.08422694798832461,
            0.11617139243276906
        ],
        "slope": 0.015972222222222224
    },
    "trinity": {
        "conf_int": [
            -0.1313238432078826,
            0.04990849929253869
        ],
        "slope": -0.04070767195767195
    },
    "tryst205": {
        "conf_int": [
            -0.7572051674673317,
            0.715538500800665
        ],
        "slope": -0.020833333333333343
    },
    "wishbringer": {
        "conf_int": [
            -0.0549597307302971,
            -0.019601707481351194
        ],
        "slope": -0.037280719105824145
    },
    "yomomma": {
        "conf_int": [
            -0.20302966233992326,
            0.15572807503833597
        ],
        "slope": -0.02365079365079366
    },
    "zenon": {
        "conf_int": [
            -0.04422223121904703,
            0.004885810064444062
        ],
        "slope": -0.019668210577301486
    },
    "zork1": {
        "conf_int": [
            -0.013014967861840436,
            0.02664469777093658
        ],
        "slope": 0.006814864954548071
    },
    "zork2": {
        "conf_int": [
            -0.04068096219896336,
            -0.020908119081147366
        ],
        "slope": -0.030794540640055365
    },
    "zork3": {
        "conf_int": [
            -0.05306809485024996,
            -0.02989233500733956
        ],
        "slope": -0.04148021492879476
    },