{
    "905": {
        "conf_int": null,
        "slope": 0.0
    },
    "advent": {
        "conf_int": [
            -0.0033726863054422806,
            0.0003126327545051389
        ],
        "slope": -0.0015300267754685707
    },
    "adventureland": {
        "conf_int": [
            -0.07055794893346487,
            -0.011090728203934065
        ],
        "slope": -0.04082433856869947
    },
    "afflicted": {
        "conf_int": [
            -0.041112326856105004,
            0.03396946971324786
        ],
        "slope": -0.0035714285714285713
    },
    "anchor": {
        "conf_int": [
            -0.016301430870521175,
            0.02979349436258466
        ],
        "slope": 0.006746031746031744
    },
    "awaken": {
        "conf_int": [
            -0.01754125641379863,
            0.016674840327441192
        ],
        "slope": -0.0004332080431787174
    },
    "balances": {
        "conf_int": [
            -0.14584564640787173,
            0.08075210899290575
        ],
        "slope": -0.032546768707483
    },
    "ballyhoo": {
        "conf_int": [
            -0.10595072038016042,
            -0.06397526718427109
        ],
        "slope": -0.08496299378221575
    },
    "curses": {
        "conf_int": [
            -0.09383373411775897,
            0.05850210668086836
        ],
        "slope": -0.01766581371844531
    },
    "cutthroat": {
        "conf_int": [
            -0.07020424504626072,
            -0.04582718666858395
        ],
        "slope": -0.05801571585742234
    },
    "deephome": {
        "conf_int": [
            -0.07081681384559027,
            -0.015390940388479765
        ],
        "slope": -0.04310387711703502
    },
    "detective": {
        "conf_int": [
            -0.057209377262106384,
            -0.030310392794658317
        ],
        "slope": -0.04375988502838235
    },
    "dragon": {
        "conf_int": [
            -0.11354240003012492,
            -0.061115546702944945
        ],
        "slope": -0.08732897336653493
    },
    "enchanter": {
        "conf_int": [
            -0.03325357326502392,
            -0.006627379115928455
        ],
        "slope": -0.01994047619047619
    },
    "enter": {
        "conf_int": null,
        "slope": null
    },
    "gold": {
        "conf_int": null,
        "slope": 0.0
    },
    "hhgg": {
        "conf_int": null,
        "slope": 0.0
    },
    "hollywood": {
        "conf_int": null,
        "slope": 0.0
    },
    "huntdark": {
        "conf_int": [
            -0.1194301638972338,
            0.008385190352260236
        ],
        "slope": -0.05552248677248678
    },
    "infidel": {
        "conf_int": [
            -0.1493687960517251,
            -0.07624606527742195
        ],
        "slope": -0.11280743066457352
    },
    "inhumane": {
        "conf_int": [
            -0.08413639509512205,
            -0.015995774966054123
        ],
        "slope": -0.050066085030588084
    },
    "jewel": {
        "conf_int": [
            -0.007791397423648941,
            0.032757020036330374
        ],
        "slope": 0.012482811306340717
    },
    "karn": {
        "conf_int": [
            -0.07140161787600534,
            -0.0466814427561943
        ],
        "slope": -0.05904153031609982
    },
    "library": {
        "conf_int": null,
        "slope": 0.0
    },
    "loose": {
        "conf_int": null,
        "slope": 0.0
    },
    "lostpig": {
        "conf_int": null,
        "slope": 0.0
    },
    "ludicorp": {
        "conf_int": [
            -0.06671996843284717,
            0.0085967589293647
        ],
        "slope": -0.029061604751741237
    },
    "lurking": {
        "conf_int": [
            -0.1929490939973185,
            -0.09637269532447076
        ],
        "slope": -0.14466089466089463
    },
    "moonlit": {
        "conf_int": null,
        "slope": 0.0
    },
    "murdac": {
        "conf_int": [
            -0.06106582853909237,
            -0.036809043229440216
        ],
        "slope": -0.048937435884266293
    },
    "night": {
        "conf_int": [
            -0.09262572932691762,
            -0.01197026291613345
        ],
        "slope": -0.05229799612152553
    },
    "omniquest": {
        "conf_int": [
            -0.05876338652181945,
            -0.027540737163987694
        ],
        "slope": -0.04315206184290357
    },
    "partyfoul": {
        "conf_int": [
            -0.8613275604131305,
            0.3613275604131305
        ],
        "slope": -0.25
    },
    "pentari": {
        "conf_int": [
            -0.1494617477792913,
            -0.09715954536606602
        ],
        "slope": -0.12331064657267866
    },
    "planetfall": {
        "conf_int": [
            0.0014310432232563929,
            0.008176254241183935
        ],
        "slope": 0.004803648732220164
    },
    "plundered": {
        "conf_int": [
            -0.09848341373941401,
            -0.03865246625360884
        ],
        "slope": -0.06856793999651142
    },
    "reverb": {
        "conf_int": [
            -0.11346135612683178,
            -0.04123848948210476
        ],
        "slope": -0.07734992280446827
    },
    "seastalker": {
        "conf_int": [
            -0.26912239999677123,
            -0.03341728254291128
        ],
        "slope": -0.15126984126984125
    },
    "sherlock": {
        "conf_int": [
            -0.027553284751247364,
            0.052043080669614716
        ],
        "slope": 0.012244897959183678
    },
    "snacktime": {
        "conf_int": null,
        "slope": 0.0
    },
    "sorcerer": {
        "conf_int": [
            -0.07956593113690352,
            0.021117031109056127
        ],
        "slope": -0.029224450013923695
    },
    "spellbrkr": {
        "conf_int": [
            -0.06298508285647733,
            0.02701947439086887
        ],
        "slope": -0.01798280423280423
    },
    "spirit": {
        "conf_int": [
            -0.08097206209833976,
            0.0031058145892351244
        ],
        "slope": -0.03893312375455232
    },
    "temple": {
        "conf_int": [
            -0.007981133134051986,
            0.02120864636156522
        ],
        "slope": 0.006613756613756617
    },
    "trinity": {
        "conf_int": [
            -0.06948627936791948,
            0.03430109418273431
        ],
        "slope": -0.01759259259259259
    },
    "tryst205": {
        "conf_int": [
            -1.417079888061431,
            0.917079888061431
        ],
        "slope": -0.25
    },
    "wishbringer": {
        "conf_int": [
            0.00025365923907793957,
            0.010971088235669536
        ],
        "slope": 0.005612373737373738
    },
    "yomomma": {
        "conf_int": [
            -0.4017953684018656,
            -0.1591570125505154
        ],
        "slope": -0.2804761904761905
    },
    "zenon": {
        "conf_int": [
            -0.11610043976825224,
            -0.028984778044238303
        ],
        "slope": -0.07254260890624527
    },
    "zork1": {
        "conf_int": [
            -0.059442587954983125,
            -0.02628158285387171
        ],
        "slope": -0.042862085404427416
    },
    "zork2": {
        "conf_int": [
            -0.069383594691654,
            -0.03915357879000753
        ],
        "slope": -0.05426858674083077
    },
    "zork3": {
        "conf_int": [
            -0.03013032154528226,
            -0.011318328546885076
        ],
        "slope": -0.020724325046083666
    },
    "ztuu": {
        "conf_int": [
            -0.3352343182463392,
            -0.04863514562312471
        ],
        "slope": -0.19193473193473196
    }
}