{
    "905": {
        "conf_int": null,
        "slope": 0.0
    },
    "adventureland": {
        "conf_int": [
            -0.07055794893346487,
            -0.011090728203934065
        ],
        "slope": -0.04082433856869947
    },
    "afflicted": {
        "conf_int": [
            -0.041112326856105004,
            0.03396946971324786
        ],
        "slope": -0.0035714285714285713
    },
    "anchor": {
        "conf_int": [
            -0.02696224094377543,
            0.022332611314145802
        ],
        "slope": -0.0023148148148148143
    },
    "awaken": {
        "conf_int": [
            -0.01754125641379863,
            0.016674840327441192
        ],
        "slope": -0.0004332080431787174
    },
    "ballyhoo": {
        "conf_int": [
            -0.1296789235916721,
            -0.06619438610516701
        ],
        "slope": -0.09793665484841955
    },
    "curses": {
        "conf_int": [
            -0.14747089978540806,
            0.018344178553423657
        ],
        "slope": -0.0645633606159922
    },
    "cutthroat": {
        "conf_int": [
            -0.07758891654855642,
            -0.05478427185724068
        ],
        "slope": -0.06618659420289855
    },
    "deephome": {
        "conf_int": [
            -0.07081681384559027,
            -0.015390940388479765
        ],
        "slope": -0.04310387711703502
    },
    "dragon": {
        "conf_int": [
            -0.12458683575507702,
            -0.07875201653482423
        ],
        "slope": -0.10166942614495063
    },
    "enchanter": {
        "conf_int": [
            -0.03325357326502392,
            -0.006627379115928455
        ],
        "slope": -0.01994047619047619
    },
    "enter": {
        "conf_int": null,
        "slope": null
    },
    "gold": {
        "conf_int": null,
        "slope": 0.0
    },
    "hhgg": {
        "conf_int": null,
        "slope": 0.0
    },
    "hollywood": {
        "conf_int": null,
        "slope": 0.0
    },
    "infidel": {
        "conf_int": [
            -0.1852147243978421,
            -0.02564386146074378
        ],
        "slope": -0.10542929292929293
    },
    "inhumane": {
        "conf_int": [
            -0.09052776594348791,
            -0.025731114065392094
        ],
        "slope": -0.05812944000444
    },
    "jewel": {
        "conf_int": [
            -0.007791397423648941,
            0.032757020036330374
        ],
        "slope": 0.012482811306340717
    },
    "loose": {
        "conf_int": null,
        "slope": 0.0
    },
    "lostpig": {
        "conf_int": null,
        "slope": 0.0
    },
    "ludicorp": {
        "conf_int": [
            -0.06671996843284717,
            0.0085967589293647
        ],
        "slope": -0.029061604751741237
    },
    "moonlit": {
        "conf_int": null,
        "slope": 0.0
    },
    "night": {
        "conf_int": [
            -0.09668623369072402,
            -0.06135252837280586
        ],
        "slope": -0.07901938103176494
    },
    "pentari": {
        "conf_int": [
            -0.1494617477792913,
            -0.09715954536606602
        ],
        "slope": -0.12331064657267866
    },
    "planetfall": {
        "conf_int": [
            0.0014310432232563929,
            0.008176254241183935
        ],
        "slope": 0.004803648732220164
    },
    "reverb": {
        "conf_int": [
            -0.11346135612683178,
            -0.04123848948210476
        ],
        "slope": -0.07734992280446827
    },
    "snacktime": {
        "conf_int": null,
        "slope": 0.0
    },
    "sorcerer": {
        "conf_int": [
            -0.07956593113690352,
            0.021117031109056127
        ],
        "slope": -0.029224450013923695
    },
    "temple": {
        "conf_int": [
            -0.007981133134051986,
            0.02120864636156522
        ],
        "slope": 0.006613756613756617
    },
    "tryst205": {
        "conf_int": [
            -1.417079888061431,
            0.917079888061431
        ],
        "slope": -0.25
    },
    "wishbringer": {
        "conf_int": [
            0.00025365923907793957,
            0.010971088235669536
        ],
        "slope": 0.005612373737373738
    },
    "yomomma": {
        "conf_int": [
            -0.4190865086817294,
            -0.06273167313645239
        ],
        "slope": -0.2409090909090909
    },
    "zork1": {
        "conf_int": [
            -0.060160292821003825,
            -0.03690791422034109
        ],
        "slope": -0.04853410352067246
    },
    "zork2": {
        "conf_int": [
            -0.07355683396657123,
            -0.04496371532027067
        ],
        "slope": -0.05926027464342095
    },
    "zork3": {
        "conf_int": [
            -0.012281055086889606,
            0.0053234273158471795
        ],
        "slope": -0.0034788138855212135
    },
    "ztuu": {
        "conf_int": [
            -0.3352343182463392,
            -0.04863514562312471
        ],
        "slope": -0.19193473193473196
    }
}