{
    "905": {
        "conf_int": null,
        "slope": 0.0
    },
    "advent": {
        "conf_int": [
            -0.003608129068506556,
            1.1655415931922323e-05
        ],
        "slope": -0.001798236826287317
    },
    "adventureland": {
        "conf_int": [
            -0.06715245820213359,
            -0.0007529196280562783
        ],
        "slope": -0.03395268891509493
    },
    "afflicted": {
        "conf_int": [
            -0.041112326856105004,
            0.03396946971324786
        ],
        "slope": -0.0035714285714285713
    },
    "anchor": {
        "conf_int": [
            -0.006959115340405253,
            0.023784512165802074
        ],
        "slope": 0.008412698412698412
    },
    "awaken": {
        "conf_int": [
            -0.0036495144804604297,
            0.01349450819642189
        ],
        "slope": 0.00492249685798073
    },
    "balances": {
        "conf_int": [
            -0.06827992660879477,
            0.06271019871763829
        ],
        "slope": -0.002784863945578237
    },
    "ballyhoo": {
        "conf_int": [
            -0.11448552966752307,
            -0.02249804917417935
        ],
        "slope": -0.06849178942085121
    },
    "curses": {
        "conf_int": [
            -0.08487177169809781,
            0.06144490616596909
        ],
        "slope": -0.011713432766064362
    },
    "cutthroat": {
        "conf_int": [
            -0.04374025237841574,
            0.0124317836211244
        ],
        "slope": -0.01565423437864567
    },
    "deephome": {
        "conf_int": [
            -0.07303842523786785,
            -0.01686341269028587
        ],
        "slope": -0.044950918964076866
    },
    "detective": {
        "conf_int": [
            -0.06100170769617988,
            -0.02852336840860638
        ],
        "slope": -0.04476253805239313
    },
    "dragon": {
        "conf_int": [
            -0.08967727724283511,
            0.01224915107086657
        ],
        "slope": -0.038714063085984275
    },
    "enchanter": {
        "conf_int": [
            -0.030622522242593847,
            -0.006877477757406152
        ],
        "slope": -0.01875
    },
    "enter": {
        "conf_int": null,
        "slope": null
    },
    "gold": {
        "conf_int": null,
        "slope": 0.0
    },
    "hhgg": {
        "conf_int": null,
        "slope": 0.0
    },
    "hollywood": {
        "conf_int": null,
        "slope": 0.0
    },
    "huntdark": {
        "conf_int": [
            -0.13076735375253926,
            0.0197223802075657
        ],
        "slope": -0.05552248677248678
    },
    "infidel": {
        "conf_int": [
            -0.027935224502297358,
            0.06161741532734532
        ],
        "slope": 0.01684109541252398
    },
    "inhumane": {
        "conf_int": [
            -0.08568124766293195,
            -0.008117499229121236
        ],
        "slope": -0.04689937344602659
    },
    "jewel": {
        "conf_int": [
            -0.007791397423648941,
            0.032757020036330374
        ],
        "slope": 0.012482811306340717
    },
    "karn": {
        "conf_int": [
            -0.05844681150083339,
            -0.026760393255419023
        ],
        "slope": -0.04260360237812621
    },
    "library": {
        "conf_int": null,
        "slope": 0.0
    },
    "loose": {
        "conf_int": null,
        "slope": 0.0
    },
    "lostpig": {
        "conf_int": null,
        "slope": 0.0
    },
    "ludicorp": {
        "conf_int": [
            -0.05366912795196051,
            0.008780734707487865
        ],
        "slope": -0.02244419662223632
    },
    "lurking": {
        "conf_int": [
            -0.129797855519547,
            0.14047606619775768
        ],
        "slope": 0.005339105339105341
    },
    "moonlit": {
        "conf_int": null,
        "slope": 0.0
    },
    "murdac": {
        "conf_int": [
            -0.05436949363445892,
            -0.024779267309118155
        ],
        "slope": -0.03957438047178854
    },
    "night": {
        "conf_int": [
            -0.0835626703531546,
            -0.009494860351434924
        ],
        "slope": -0.04652876535229476
    },
    "omniquest": {
        "conf_int": [
            -0.052506966046843476,
            -0.026917478932272254
        ],
        "slope": -0.039712222489557865
    },
    "partyfoul": {
        "conf_int": [
            -0.43066378020656526,
            0.18066378020656526
        ],
        "slope": -0.125
    },
    "pentari": {
        "conf_int": [
            -0.13198270353173486,
            -0.08802398949727058
        ],
        "slope": -0.11000334651450272
    },
    "planetfall": {
        "conf_int": [
            0.0014310432232563929,
            0.008176254241183935
        ],
        "slope": 0.004803648732220164
    },
    "plundered": {
        "conf_int": [
            -0.10607960457231383,
            -0.05348781213796003
        ],
        "slope": -0.07978370835513693
    },
    "reverb": {
        "conf_int": [
            -0.1018914124764897,
            -0.05731392763794133
        ],
        "slope": -0.07960267005721551
    },
    "seastalker": {
        "conf_int": [
            -0.14453512757334097,
            0.02485258789080129
        ],
        "slope": -0.05984126984126985
    },
    "sherlock": {
        "conf_int": [
            -0.027553284751247364,
            0.052043080669614716
        ],
        "slope": 0.012244897959183678
    },
    "snacktime": {
        "conf_int": null,
        "slope": 0.0
    },
    "sorcerer": {
        "conf_int": [
            -0.06336914313134118,
            0.062278917567431404
        ],
        "slope": -0.0005451127819548854
    },
    "spellbrkr": {
        "conf_int": [
            0.005010202030772138,
            0.03388530061473051
        ],
        "slope": 0.019447751322751325
    },
    "spirit": {
        "conf_int": [
            -0.06751442419815257,
            0.09338967328768735
        ],
        "slope": 0.012937624544767398
    },
    "temple": {
        "conf_int": [
            -0.007981133134051986,
            0.02120864636156522
        ],
        "slope": 0.006613756613756617
    },
    "trinity": {
        "conf_int": [
            -0.06948627936791948,
            0.03430109418273431
        ],
        "slope": -0.01759259259259259
    },
    "tryst205": {
        "conf_int": [
            -1.417079888061431,
            0.917079888061431
        ],
        "slope": -0.25
    },
    "wishbringer": {
        "conf_int": [
            -0.0013141795000437407,
            0.00887821268907693
        ],
        "slope": 0.0037820165945165953
    },
    "yomomma": {
        "conf_int": [
            -0.17071237878232676,
            -0.09024000217005425
        ],
        "slope": -0.1304761904761905
    },
    "zenon": {
        "conf_int": [
            -0.1232443259466505,
            0.012908197428703784
        ],
        "slope": -0.05516806425897335
    },
    "zork1": {
        "conf_int": [
            -0.009119174528324867,
            0.02002967623649549
        ],
        "slope": 0.00545525085408531
    },
    "zork2": {
        "conf_int": [
            -0.06139332746502618,
            -0.03474054171912841
        ],
        "slope": -0.048066934592077296
    },
    "zork3": {
        "conf_int": [
            -0.02676451824299702,
            -0.0018451862026837938
        ],
        "slope": -0.014304852222840407
    },
    "ztuu": {
        "conf_int": [
            -0.3352343182463392,
            -0.04863514562312471
        ],
        "slope": -0.19193473193473196
    }
}