{
    "905": {
        "conf_int": null,
        "slope": 0.0
    },
    "adventureland": {
        "conf_int": [
            -0.06715245820213359,
            -0.0007529196280562783
        ],
        "slope": -0.03395268891509493
    },
    "afflicted": {
        "conf_int": [
            -0.041112326856105004,
            0.03396946971324786
        ],
        "slope": -0.0035714285714285713
    },
    "anchor": {
        "conf_int": [
            -0.014630192322002439,
            0.013704266396076512
        ],
        "slope": -0.0004629629629629632
    },
    "awaken": {
        "conf_int": [
            -0.0036495144804604297,
            0.01349450819642189
        ],
        "slope": 0.00492249685798073
    },
    "ballyhoo": {
        "conf_int": [
            -0.15141009538813938,
            -0.02575512501237516
        ],
        "slope": -0.08858261020025726
    },
    "curses": {
        "conf_int": [
            -0.09383373411775897,
            0.05850210668086836
        ],
        "slope": -0.01766581371844531
    },
    "cutthroat": {
        "conf_int": [
            -0.05383768815530106,
            -0.009415417434761032
        ],
        "slope": -0.03162655279503104
    },
    "deephome": {
        "conf_int": [
            -0.07303842523786785,
            -0.01686341269028587
        ],
        "slope": -0.044950918964076866
    },
    "dragon": {
        "conf_int": [
            -0.11782088096046509,
            -0.07037520810974987
        ],
        "slope": -0.09409804453510748
    },
    "enchanter": {
        "conf_int": [
            -0.030622522242593847,
            -0.006877477757406152
        ],
        "slope": -0.01875
    },
    "enter": {
        "conf_int": null,
        "slope": null
    },
    "gold": {
        "conf_int": null,
        "slope": 0.0
    },
    "hhgg": {
        "conf_int": null,
        "slope": 0.0
    },
    "hollywood": {
        "conf_int": null,
        "slope": 0.0
    },
    "infidel": {
        "conf_int": [
            -0.03526577628155967,
            0.04266115867694207
        ],
        "slope": 0.0036976911976912023
    },
    "inhumane": {
        "conf_int": [
            -0.08610902591477557,
            -0.01631840776265813
        ],
        "slope": -0.051213716838716845
    },
    "jewel": {
        "conf_int": [
            -0.007791397423648941,
            0.032757020036330374
        ],
        "slope": 0.012482811306340717
    },
    "loose": {
        "conf_int": null,
        "slope": 0.0
    },
    "lostpig": {
        "conf_int": null,
        "slope": 0.0
    },
    "ludicorp": {
        "conf_int": [
            -0.05366912795196051,
            0.008780734707487865
        ],
        "slope": -0.02244419662223632
    },
    "moonlit": {
        "conf_int": null,
        "slope": 0.0
    },
    "night": {
        "conf_int": [
            -0.08248024836435977,
            -0.008248042952166829
        ],
        "slope": -0.0453641456582633
    },
    "pentari": {
        "conf_int": [
            -0.13198270353173486,
            -0.08802398949727058
        ],
        "slope": -0.11000334651450272
    },
    "planetfall": {
        "conf_int": [
            0.0014310432232563929,
            0.008176254241183935
        ],
        "slope": 0.004803648732220164
    },
    "reverb": {
        "conf_int": [
            -0.1018914124764897,
            -0.05731392763794133
        ],
        "slope": -0.07960267005721551
    },
    "snacktime": {
        "conf_int": null,
        "slope": 0.0
    },
    "sorcerer": {
        "conf_int": [
            -0.06336914313134118,
            0.062278917567431404
        ],
        "slope": -0.0005451127819548854
    },
    "temple": {
        "conf_int": [
            -0.007981133134051986,
            0.02120864636156522
        ],
        "slope": 0.006613756613756617
    },
    "tryst205": {
        "conf_int": [
            -1.417079888061431,
            0.917079888061431
        ],
        "slope": -0.25
    },
    "wishbringer": {
        "conf_int": [
            -0.0013141795000437407,
            0.00887821268907693
        ],
        "slope": 0.0037820165945165953
    },
    "yomomma": {
        "conf_int": [
            -0.46808839851029455,
            0.4062702166921128
        ],
        "slope": -0.030909090909090907
    },
    "zork1": {
        "conf_int": [
            -0.015478378129613371,
            0.01654649312233226
        ],
        "slope": 0.0005340574963594453
    },
    "zork2": {
        "conf_int": [
            -0.07157857890862973,
            -0.038252402168323166
        ],
        "slope": -0.05491549053847645
    },
    "zork3": {
        "conf_int": [
            -0.006081025892743586,
            0.005465273944986792
        ],
        "slope": -0.00030787597387839746
    },
    "ztuu": {
        "conf_int": [
            -0.3352343182463392,
            -0.04863514562312471
        ],
        "slope": -0.19193473193473196
    }
}