model_name,desti_nice,desti_harsh,route_nice,route_harsh
llama_anno,0.28359542385574815,0.26683597374446677,0.10661602548395,0.08069509107244956
