{
    "905": {
        "conf_int": null,
        "slope": 0.0
    },
    "adventureland": {
        "conf_int": [
            -0.06459044528931715,
            -0.02058622729994284
        ],
        "slope": -0.04258833629463
    },
    "afflicted": {
        "conf_int": [
            -0.0607169274478838,
            0.032145498876455236
        ],
        "slope": -0.014285714285714284
    },
    "anchor": {
        "conf_int": [
            -0.1682532848447142,
            0.005096996688426045
        ],
        "slope": -0.08157814407814408
    },
    "awaken": {
        "conf_int": [
            -0.054672346730429394,
            0.03849825348866698
        ],
        "slope": -0.008087046620881212
    },
    "ballyhoo": {
        "conf_int": [
            -0.07863667375486946,
            -0.02399207005034494
        ],
        "slope": -0.0513143719026072
    },
    "curses": {
        "conf_int": [
            -0.12137898204055422,
            -0.06384515055199938
        ],
        "slope": -0.0926120662962768
    },
    "cutthroat": {
        "conf_int": [
            -0.07943698231291882,
            -0.047776307877815005
        ],
        "slope": -0.06360664509536691
    },
    "deephome": {
        "conf_int": [
            -0.09636341851581319,
            -0.04450124313832214
        ],
        "slope": -0.07043233082706767
    },
    "dragon": {
        "conf_int": [
            0.01200062025565548,
            0.07692361340542028
        ],
        "slope": 0.04446211683053788
    },
    "enchanter": {
        "conf_int": [
            -0.04041798576551133,
            -0.007502131556779902
        ],
        "slope": -0.023960058661145617
    },
    "enter": {
        "conf_int": null,
        "slope": null
    },
    "gold": {
        "conf_int": [
            -0.2146512137151727,
            -0.051466002402043395
        ],
        "slope": -0.13305860805860806
    },
    "hhgg": {
        "conf_int": [
            -0.18211591289490353,
            -0.03965279458808965
        ],
        "slope": -0.11088435374149659
    },
    "hollywood": {
        "conf_int": [
            -0.0230698478632832,
            0.07340998391770498
        ],
        "slope": 0.02517006802721089
    },
    "infidel": {
        "conf_int": [
            -0.05115361453813098,
            0.10079695365515431
        ],
        "slope": 0.024821669558511665
    },
    "inhumane": {
        "conf_int": [
            -0.07639800320406323,
            -0.027197420979596282
        ],
        "slope": -0.051797712091829755
    },
    "jewel": {
        "conf_int": [
            0.01795292991962232,
            0.05107686381605378
        ],
        "slope": 0.03451489686783805
    },
    "loose": {
        "conf_int": [
            -0.1661196822933057,
            0.022582267327319314
        ],
        "slope": -0.07176870748299319
    },
    "lostpig": {
        "conf_int": [
            -0.8408699398994006,
            0.19086993989940054
        ],
        "slope": -0.325
    },
    "ludicorp": {
        "conf_int": [
            0.008919270461293365,
            0.036688618623078914
        ],
        "slope": 0.02280394454218614
    },
    "moonlit": {
        "conf_int": [
            -1.055988454159595,
            1.3893217874929285
        ],
        "slope": 0.16666666666666669
    },
    "night": {
        "conf_int": [
            -0.07000561333485508,
            -0.04040933807080839
        ],
        "slope": -0.055207475702831736
    },
    "pentari": {
        "conf_int": [
            -0.08810483918017481,
            0.003385868789067187
        ],
        "slope": -0.04235948519555381
    },
    "planetfall": {
        "conf_int": [
            -0.012915672589911022,
            0.014202005304815163
        ],
        "slope": 0.0006431663574520705
    },
    "reverb": {
        "conf_int": [
            -0.0943912155863677,
            0.05287606407121618
        ],
        "slope": -0.02075757575757576
    },
    "snacktime": {
        "conf_int": null,
        "slope": 0.0
    },
    "sorcerer": {
        "conf_int": [
            -0.1353629925793964,
            -0.053534250528373024
        ],
        "slope": -0.09444862155388471
    },
    "temple": {
        "conf_int": [
            -0.15336167275447787,
            0.013877545770350871
        ],
        "slope": -0.0697420634920635
    },
    "tryst205": {
        "conf_int": [
            -0.06254427372086788,
            0.18754427372086788
        ],
        "slope": 0.0625
    },
    "wishbringer": {
        "conf_int": [
            -0.011406689263571928,
            0.037510638418991674
        ],
        "slope": 0.013051974577709872
    },
    "yomomma": {
        "conf_int": [
            -4.245829719977368,
            3.5791630533107015
        ],
        "slope": -0.3333333333333333
    },
    "zork1": {
        "conf_int": [
            -0.0005868036549031633,
            0.04162711702740447
        ],
        "slope": 0.020520156686250655
    },
    "zork2": {
        "conf_int": [
            -0.06057570196695794,
            -0.0394731646253869
        ],
        "slope": -0.05002443329617242
    },
    "zork3": {
        "conf_int": [
            -0.08859841280962133,
            -0.05093892515103243
        ],
        "slope": -0.06976866898032688
    },
    "ztuu": {
        "conf_int": [
            -0.008614018983945256,
            0.03718544755537383
        ],
        "slope": 0.014285714285714284
    }
}