{
    "905": {
        "conf_int": null,
        "slope": 0.0
    },
    "advent": {
        "conf_int": [
            -0.0062929482036269534,
            0.000633638639393789
        ],
        "slope": -0.002829654782116582
    },
    "adventureland": {
        "conf_int": [
            -0.030336877468004092,
            0.045561260699380324
        ],
        "slope": 0.007612191615688117
    },
    "afflicted": {
        "conf_int": [
            -0.0607169274478838,
            0.032145498876455236
        ],
        "slope": -0.014285714285714284
    },
    "anchor": {
        "conf_int": [
            -0.17222783445999895,
            -0.0037489665168020797
        ],
        "slope": -0.08798840048840051
    },
    "awaken": {
        "conf_int": [
            -0.0688019042671947,
            0.03445738496026937
        ],
        "slope": -0.017172259653462658
    },
    "balances": {
        "conf_int": [
            -0.21791551165015696,
            -0.05429798913477238
        ],
        "slope": -0.13610675039246467
    },
    "ballyhoo": {
        "conf_int": [
            -0.09249661049558752,
            -0.021818747349182106
        ],
        "slope": -0.05715767892238481
    },
    "curses": {
        "conf_int": [
            -0.12137898204055422,
            -0.06384515055199938
        ],
        "slope": -0.0926120662962768
    },
    "cutthroat": {
        "conf_int": [
            -0.09034875042800235,
            -0.055970503824161064
        ],
        "slope": -0.0731596271260817
    },
    "deephome": {
        "conf_int": [
            -0.09636341851581319,
            -0.04450124313832214
        ],
        "slope": -0.07043233082706767
    },
    "detective": {
        "conf_int": [
            -0.052883082688607974,
            -0.02405273404431021
        ],
        "slope": -0.038467908366459094
    },
    "dragon": {
        "conf_int": [
            0.016531812766708367,
            0.07239242089436738
        ],
        "slope": 0.04446211683053788
    },
    "enchanter": {
        "conf_int": [
            -0.04102519615165309,
            -0.006548130280368984
        ],
        "slope": -0.02378666321601104
    },
    "enter": {
        "conf_int": null,
        "slope": null
    },
    "gold": {
        "conf_int": [
            -0.2146512137151727,
            -0.051466002402043395
        ],
        "slope": -0.13305860805860806
    },
    "hhgg": {
        "conf_int": [
            -0.23149334127314658,
            -0.0406155022642684
        ],
        "slope": -0.1360544217687075
    },
    "hollywood": {
        "conf_int": [
            -0.0230698478632832,
            0.07340998391770498
        ],
        "slope": 0.02517006802721089
    },
    "huntdark": {
        "conf_int": [
            -0.13522160224254287,
            -0.044804852783912164
        ],
        "slope": -0.09001322751322752
    },
    "infidel": {
        "conf_int": [
            -0.05531224638403659,
            0.0974367885085787
        ],
        "slope": 0.02106227106227106
    },
    "inhumane": {
        "conf_int": [
            -0.08137281265425375,
            -0.03501854862398534
        ],
        "slope": -0.05819568063911954
    },
    "jewel": {
        "conf_int": [
            0.01795292991962232,
            0.05107686381605378
        ],
        "slope": 0.03451489686783805
    },
    "karn": {
        "conf_int": [
            -0.07312500885097531,
            -0.04462449966699589
        ],
        "slope": -0.0588747542589856
    },
    "library": {
        "conf_int": [
            -0.25252458352075774,
            0.25252458352075774
        ],
        "slope": -1.1102230246251566e-17
    },
    "loose": {
        "conf_int": [
            -0.1661196822933057,
            0.022582267327319314
        ],
        "slope": -0.07176870748299319
    },
    "lostpig": {
        "conf_int": [
            -0.8408699398994006,
            0.19086993989940054
        ],
        "slope": -0.325
    },
    "ludicorp": {
        "conf_int": [
            0.009030629638611433,
            0.036111058979560386
        ],
        "slope": 0.02257084430908591
    },
    "lurking": {
        "conf_int": [
            -0.18158976366223775,
            -0.08392250185002773
        ],
        "slope": -0.13275613275613274
    },
    "moonlit": {
        "conf_int": [
            -1.055988454159595,
            1.3893217874929285
        ],
        "slope": 0.16666666666666669
    },
    "murdac": {
        "conf_int": [
            -0.04904647529447335,
            -0.032366589208525455
        ],
        "slope": -0.0407065322514994
    },
    "night": {
        "conf_int": [
            -0.0719765886008241,
            -0.04151528588176245
        ],
        "slope": -0.05674593724129328
    },
    "omniquest": {
        "conf_int": [
            -0.06224330325386751,
            -0.03863171492773107
        ],
        "slope": -0.05043750909079929
    },
    "partyfoul": {
        "conf_int": null,
        "slope": 0.0
    },
    "pentari": {
        "conf_int": [
            -0.08780468749172715,
            -0.009721126925107008
        ],
        "slope": -0.048762907208417076
    },
    "planetfall": {
        "conf_int": [
            9.298890538336421e-05,
            0.02109800264275104
        ],
        "slope": 0.010595495774067203
    },
    "plundered": {
        "conf_int": [
            -0.1636554444045697,
            -0.09542429860374467
        ],
        "slope": -0.1295398715041572
    },
    "reverb": {
        "conf_int": [
            -0.07545568623697209,
            0.047273868055153906
        ],
        "slope": -0.014090909090909095
    },
    "seastalker": {
        "conf_int": [
            -0.14949262570303776,
            0.09330214951256156
        ],
        "slope": -0.028095238095238093
    },
    "sherlock": {
        "conf_int": [
            -0.04548202803453465,
            0.084393592660385
        ],
        "slope": 0.019455782312925177
    },
    "snacktime": {
        "conf_int": null,
        "slope": 0.0
    },
    "sorcerer": {
        "conf_int": [
            -0.14122173897538523,
            -0.05293866202712102
        ],
        "slope": -0.09708020050125313
    },
    "spellbrkr": {
        "conf_int": [
            -0.12530595378773288,
            0.015980556962336072
        ],
        "slope": -0.054662698412698406
    },
    "spirit": {
        "conf_int": [
            -0.047006520872383335,
            0.07197989406004222
        ],
        "slope": 0.012486686593829446
    },
    "temple": {
        "conf_int": [
            -0.15336167275447787,
            0.013877545770350871
        ],
        "slope": -0.0697420634920635
    },
    "trinity": {
        "conf_int": [
            -0.072238179561452,
            -0.014600444777172327
        ],
        "slope": -0.04341931216931216
    },
    "tryst205": {
        "conf_int": [
            -0.06254427372086788,
            0.18754427372086788
        ],
        "slope": 0.0625
    },
    "wishbringer": {
        "conf_int": [
            0.014689724347474302,
            0.03448028456518167
        ],
        "slope": 0.024585004456327986
    },
    "yomomma": {
        "conf_int": [
            -2.4998460765846113,
            1.8609571876957227
        ],
        "slope": -0.3194444444444444
    },
    "zenon": {
        "conf_int": [
            -0.020990340250966306,
            0.1023244943123931
        ],
        "slope": 0.0406670770307134
    },
    "zork1": {
        "conf_int": [
            -0.007966183586169288,
            0.0345476558077599
        ],
        "slope": 0.013290736110795304
    },
    "zork2": {
        "conf_int": [
            -0.00015990907796153628,
            0.04314891121913758
        ],
        "slope": 0.02149450107058802
    },
    "zork3": {
        "conf_int": [
            -0.0876176287615636,
            -0.0554598660216168
        ],