{
    "905": {
        "conf_int": null,
        "slope": 0.0
    },
    "advent": {
        "conf_int": [
            -0.0037757689221761723,
            0.00038018318363627424
        ],
        "slope": -0.001697792869269949
    },
    "adventureland": {
        "conf_int": [
            -0.06459044528931715,
            -0.02058622729994284
        ],
        "slope": -0.04258833629463
    },
    "afflicted": {
        "conf_int": [
            -0.0607169274478838,
            0.032145498876455236
        ],
        "slope": -0.014285714285714284
    },
    "anchor": {
        "conf_int": [
            -0.1682532848447142,
            0.005096996688426045
        ],
        "slope": -0.08157814407814408
    },
    "awaken": {
        "conf_int": [
            -0.054672346730429394,
            0.03849825348866698
        ],
        "slope": -0.008087046620881212
    },
    "balances": {
        "conf_int": [
            -0.2099647888558579,
            -0.05125970094006049
        ],
        "slope": -0.1306122448979592
    },
    "ballyhoo": {
        "conf_int": [
            -0.07845955769835461,
            -0.01933513127280495
        ],
        "slope": -0.04889734448557978
    },
    "curses": {
        "conf_int": [
            -0.12137898204055422,
            -0.06384515055199938
        ],
        "slope": -0.0926120662962768
    },
    "cutthroat": {
        "conf_int": [
            -0.07943698231291882,
            -0.047776307877815005
        ],
        "slope": -0.06360664509536691
    },
    "deephome": {
        "conf_int": [
            -0.09636341851581319,
            -0.04450124313832214
        ],
        "slope": -0.07043233082706767
    },
    "detective": {
        "conf_int": [
            -0.04888150575683237,
            -0.023050262393089875
        ],
        "slope": -0.035965884074961124
    },
    "dragon": {
        "conf_int": [
            0.016531812766708367,
            0.07239242089436738
        ],
        "slope": 0.04446211683053788
    },
    "enchanter": {
        "conf_int": [
            -0.04041798576551133,
            -0.007502131556779902
        ],
        "slope": -0.023960058661145617
    },
    "enter": {
        "conf_int": null,
        "slope": null
    },
    "gold": {
        "conf_int": [
            -0.2146512137151727,
            -0.051466002402043395
        ],
        "slope": -0.13305860805860806
    },
    "hhgg": {
        "conf_int": [
            -0.18211591289490353,
            -0.03965279458808965
        ],
        "slope": -0.11088435374149659
    },
    "hollywood": {
        "conf_int": [
            -0.0230698478632832,
            0.07340998391770498
        ],
        "slope": 0.02517006802721089
    },
    "huntdark": {
        "conf_int": [
            -0.12935433055585369,
            -0.00854249484097172
        ],
        "slope": -0.0689484126984127
    },
    "infidel": {
        "conf_int": [
            -0.05115361453813098,
            0.10079695365515431
        ],
        "slope": 0.024821669558511665
    },
    "inhumane": {
        "conf_int": [
            -0.07639800320406323,
            -0.027197420979596282
        ],
        "slope": -0.051797712091829755
    },
    "jewel": {
        "conf_int": [
            0.01795292991962232,
            0.05107686381605378
        ],
        "slope": 0.03451489686783805
    },
    "karn": {
        "conf_int": [
            -0.07236041396293855,
            -0.04320727637321445
        ],
        "slope": -0.0577838451680765
    },
    "library": {
        "conf_int": [
            -0.25252458352075774,
            0.25252458352075774
        ],
        "slope": -1.1102230246251566e-17
    },
    "loose": {
        "conf_int": [
            -0.1661196822933057,
            0.022582267327319314
        ],
        "slope": -0.07176870748299319
    },
    "lostpig": {
        "conf_int": [
            -0.8408699398994006,
            0.19086993989940054
        ],
        "slope": -0.325
    },
    "ludicorp": {
        "conf_int": [
            0.008919270461293365,
            0.036688618623078914
        ],
        "slope": 0.02280394454218614
    },
    "lurking": {
        "conf_int": [
            -0.17190119352778963,
            -0.08062405899746286
        ],
        "slope": -0.12626262626262624
    },
    "moonlit": {
        "conf_int": [
            -1.055988454159595,
            1.3893217874929285
        ],
        "slope": 0.16666666666666669
    },
    "murdac": {
        "conf_int": [
            -0.03957112052227793,
            -0.026840568388561487
        ],
        "slope": -0.03320584445541971
    },
    "night": {
        "conf_int": [
            -0.07000561333485508,
            -0.04040933807080839
        ],
        "slope": -0.055207475702831736
    },
    "omniquest": {
        "conf_int": [
            -0.05847781472647624,
            -0.03329393283996944
        ],
        "slope": -0.04588587378322284
    },
    "partyfoul": {
        "conf_int": null,
        "slope": 0.0
    },
    "pentari": {
        "conf_int": [
            -0.08810483918017481,
            0.003385868789067187
        ],
        "slope": -0.04235948519555381
    },
    "planetfall": {
        "conf_int": [
            -0.012915672589911022,
            0.014202005304815163
        ],
        "slope": 0.0006431663574520705
    },
    "plundered": {
        "conf_int": [
            -0.1636554444045697,
            -0.09542429860374467
        ],
        "slope": -0.1295398715041572
    },
    "reverb": {
        "conf_int": [
            -0.07545568623697209,
            0.047273868055153906
        ],
        "slope": -0.014090909090909095
    },
    "seastalker": {
        "conf_int": [
            -0.12920227869662665,
            -0.004607245112897167
        ],
        "slope": -0.06690476190476191
    },
    "sherlock": {
        "conf_int": [
            -0.04548202803453465,
            0.084393592660385
        ],
        "slope": 0.019455782312925177
    },
    "snacktime": {
        "conf_int": null,
        "slope": 0.0
    },
    "sorcerer": {
        "conf_int": [
            -0.1353629925793964,
            -0.053534250528373024
        ],
        "slope": -0.09444862155388471
    },
    "spellbrkr": {
        "conf_int": [
            -0.11659573285241626,
            0.021622187878871275
        ],
        "slope": -0.04748677248677249
    },
    "spirit": {
        "conf_int": [
            -0.030927157476820216,
            0.08204634252457668
        ],
        "slope": 0.025559592523878235
    },
    "temple": {
        "conf_int": [
            -0.15336167275447787,
            0.013877545770350871
        ],
        "slope": -0.0697420634920635
    },
    "trinity": {
        "conf_int": [
            -0.05652230431318772,
            -0.015501505210621797
        ],
        "slope": -0.03601190476190476
    },
    "tryst205": {
        "conf_int": [
            -0.06254427372086788,
            0.18754427372086788
        ],
        "slope": 0.0625
    },
    "wishbringer": {
        "conf_int": [
            -0.011406689263571928,
            0.037510638418991674
        ],
        "slope": 0.013051974577709872
    },
    "yomomma": {
        "conf_int": [
            -4.245829719977368,
            3.5791630533107015
        ],
        "slope": -0.3333333333333333
    },
    "zenon": {
        "conf_int": [
            -0.004076791021974634,
            0.11578225727289543
        ],
        "slope": 0.055852733125460394
    },
    "zork1": {
        "conf_int": [
            -0.0005868036549031633,
            0.04162711702740447
        ],
        "slope": 0.020520156686250655
    },
    "zork2": {
        "conf_int": [
            -0.06057570196695794,
            -0.0394731646253869
        ],
        "slope": -0.05002443329617242
    },
    "zork3": {
        "conf_int": [
            -0.08859841280962133,
            -0.05093892515103243
        ],