{
    "905": {
        "conf_int": null,
        "slope": 0.0
    },
    "adventureland": {
        "conf_int": [
            -0.030336877468004092,
            0.045561260699380324
        ],
        "slope": 0.007612191615688117
    },
    "afflicted": {
        "conf_int": [
            -0.0607169274478838,
            0.032145498876455236
        ],
        "slope": -0.014285714285714284
    },
    "anchor": {
        "conf_int": [
            -0.17222783445999895,
            -0.0037489665168020797
        ],
        "slope": -0.08798840048840051
    },
    "awaken": {
        "conf_int": [
            -0.0688019042671947,
            0.03445738496026937
        ],
        "slope": -0.017172259653462658
    },
    "ballyhoo": {
        "conf_int": [
            -0.09227618691563852,
            -0.027041575931536103
        ],
        "slope": -0.05965888142358731
    },
    "curses": {
        "conf_int": [
            -0.12137898204055422,
            -0.06384515055199938
        ],
        "slope": -0.0926120662962768
    },
    "cutthroat": {
        "conf_int": [
            -0.09034875042800235,
            -0.055970503824161064
        ],
        "slope": -0.0731596271260817
    },
    "deephome": {
        "conf_int": [
            -0.09636341851581319,
            -0.04450124313832214
        ],
        "slope": -0.07043233082706767
    },
    "dragon": {
        "conf_int": [
            0.0165885178808779,
            0.07233571578019786
        ],
        "slope": 0.04446211683053788
    },
    "enchanter": {
        "conf_int": [
            -0.04102519615165309,
            -0.006548130280368984
        ],
        "slope": -0.02378666321601104
    },
    "enter": {
        "conf_int": null,
        "slope": null
    },
    "gold": {
        "conf_int": [
            -0.2146512137151727,
            -0.051466002402043395
        ],
        "slope": -0.13305860805860806
    },
    "hhgg": {
        "conf_int": [
            -0.23149334127314658,
            -0.0406155022642684
        ],
        "slope": -0.1360544217687075
    },
    "hollywood": {
        "conf_int": [
            -0.0230698478632832,
            0.07340998391770498
        ],
        "slope": 0.02517006802721089
    },
    "infidel": {
        "conf_int": [
            -0.05531224638403659,
            0.0974367885085787
        ],
        "slope": 0.02106227106227106
    },
    "inhumane": {
        "conf_int": [
            -0.08137281265425375,
            -0.03501854862398534
        ],
        "slope": -0.05819568063911954
    },
    "jewel": {
        "conf_int": [
            0.01795292991962232,
            0.05107686381605378
        ],
        "slope": 0.03451489686783805
    },
    "loose": {
        "conf_int": [
            -0.1661196822933057,
            0.022582267327319314
        ],
        "slope": -0.07176870748299319
    },
    "lostpig": {
        "conf_int": [
            -0.8408699398994006,
            0.19086993989940054
        ],
        "slope": -0.325
    },
    "ludicorp": {
        "conf_int": [
            0.009030629638611433,
            0.036111058979560386
        ],
        "slope": 0.02257084430908591
    },
    "moonlit": {
        "conf_int": [
            -1.055988454159595,
            1.3893217874929285
        ],
        "slope": 0.16666666666666669
    },
    "night": {
        "conf_int": [
            -0.0719765886008241,
            -0.04151528588176245
        ],
        "slope": -0.05674593724129328
    },
    "pentari": {
        "conf_int": [
            -0.08780468749172715,
            -0.009721126925107008
        ],
        "slope": -0.048762907208417076
    },
    "planetfall": {
        "conf_int": [
            9.298890538336421e-05,
            0.02109800264275104
        ],
        "slope": 0.010595495774067203
    },
    "reverb": {
        "conf_int": [
            -0.0943912155863677,
            0.05287606407121618
        ],
        "slope": -0.02075757575757576
    },
    "snacktime": {
        "conf_int": null,
        "slope": 0.0
    },
    "sorcerer": {
        "conf_int": [
            -0.14122173897538523,
            -0.05293866202712102
        ],
        "slope": -0.09708020050125313
    },
    "temple": {
        "conf_int": [
            -0.15336167275447787,
            0.013877545770350871
        ],
        "slope": -0.0697420634920635
    },
    "tryst205": {
        "conf_int": [
            -0.06254427372086788,
            0.18754427372086788
        ],
        "slope": 0.0625
    },
    "wishbringer": {
        "conf_int": [
            0.014689724347474302,
            0.03448028456518167
        ],
        "slope": 0.024585004456327986
    },
    "yomomma": {
        "conf_int": [
            -2.4998460765846113,
            1.8609571876957227
        ],
        "slope": -0.3194444444444444
    },
    "zork1": {
        "conf_int": [
            -0.007966183586169288,
            0.0345476558077599
        ],
        "slope": 0.013290736110795304
    },
    "zork2": {
        "conf_int": [
            -0.00015990907796153628,
            0.04314891121913758
        ],
        "slope": 0.02149450107058802
    },
    "zork3": {
        "conf_int": [
            -0.0876176287615636,
            -0.0554598660216168
        ],
        "slope": -0.0715387473915902
    },
    "ztuu": {
        "conf_int": [
            -0.008614018983945256,
            0.03718544755537383
        ],
        "slope": 0.014285714285714284
    }
}