model_name,desti_nice,desti_harsh,route_nice,route_harsh
llama_anno,0.23040661744019114,0.1993783038234248,0.10323092705363307,0.06469650088986227
llama,0.5132067008951731,0.4451542163819152,0.13880312559557842,0.1027784584388358
