model_name,desti_nice,desti_harsh,route_nice,route_harsh
llama,0.5132067008951731,0.4451542163819152,0.13880312559557842,0.1027784584388358
