model_name,desti_nice,desti_harsh,route_nice,route_harsh
gpt4,0.7725867055730206,0.7065631160408345,0.6121863950220728,0.5756831567818169
gpt3.5,0.4316106270990525,0.32875755020262865,0.24023491276796316,0.1877537934530983
