{
    "905": {
        "harsh": 1.0,
        "nice": 1.0
    },
    "adventureland": {
        "harsh": 0.2596685082872928,
        "nice": 0.39779005524861877
    },
    "afflicted": {
        "harsh": 0.6666666666666666,
        "nice": 0.7555555555555555
    },
    "anchor": {
        "harsh": 0.38461538461538464,
        "nice": 0.6410256410256411
    },
    "avg_harsh": 0.39201708689966647,
    "avg_nice": 0.5083688343546373,
    "awaken": {
        "harsh": 0.19811320754716982,
        "nice": 0.39622641509433965
    },
    "ballyhoo": {
        "harsh": 0.18584070796460178,
        "nice": 0.3274336283185841
    },
    "curses": {
        "harsh": 0.37362637362637363,
        "nice": 0.4725274725274725
    },
    "cutthroat": {
        "harsh": 0.05194805194805195,
        "nice": 0.0735930735930736
    },
    "deephome": {
        "harsh": 0.39705882352941174,
        "nice": 0.5073529411764706
    },
    "dragon": {
        "harsh": 0.15483870967741936,
        "nice": 0.18064516129032257
    },
    "enchanter": {
        "harsh": 0.2761904761904762,
        "nice": 0.3761904761904762
    },
    "enter": {
        "harsh": 0.0,
        "nice": 0.0
    },
    "gold": {
        "harsh": 0.5454545454545454,
        "nice": 0.7090909090909091
    },
    "hhgg": {
        "harsh": 0.75,
        "nice": 0.8928571428571429
    },
    "hollywood": {
        "harsh": 0.35714285714285715,
        "nice": 0.35714285714285715
    },
    "infidel": {
        "harsh": 0.2948717948717949,
        "nice": 0.4230769230769231
    },
    "inhumane": {
        "harsh": 0.17142857142857143,
        "nice": 0.3238095238095238
    },
    "jewel": {
        "harsh": 0.5583333333333333,
        "nice": 0.625
    },
    "loose": {
        "harsh": 0.7142857142857143,
        "nice": 0.75
    },
    "lostpig": {
        "harsh": 0.8666666666666667,
        "nice": 0.9333333333333333
    },
    "ludicorp": {
        "harsh": 0.21645021645021645,
        "nice": 0.3722943722943723
    },
    "moonlit": {
        "harsh": 1.0,
        "nice": 1.0
    },
    "night": {
        "harsh": 0.12631578947368421,
        "nice": 0.3157894736842105
    },
    "pentari": {
        "harsh": 0.24183006535947713,
        "nice": 0.3202614379084967
    },
    "planetfall": {
        "harsh": 0.43333333333333335,
        "nice": 0.5095238095238095
    },
    "reverb": {
        "harsh": 0.19607843137254902,
        "nice": 0.30392156862745096
    },
    "snacktime": {
        "harsh": 0.8333333333333334,
        "nice": 1.0
    },
    "sorcerer": {
        "harsh": 0.20952380952380953,
        "nice": 0.6761904761904762
    },
    "temple": {
        "harsh": 0.4888888888888889,
        "nice": 0.6222222222222222
    },
    "tryst205": {
        "harsh": 0.3055555555555556,
        "nice": 0.4166666666666667
    },
    "wishbringer": {
        "harsh": 0.3464052287581699,
        "nice": 0.477124183006536
    },
    "yomomma": {
        "harsh": 0.5161290322580645,
        "nice": 0.6451612903225806
    },
    "zork1": {
        "harsh": 0.3333333333333333,
        "nice": 0.559322033898305
    },
    "zork2": {
        "harsh": 0.09243697478991597,
        "nice": 0.17086834733893558
    },
    "zork3": {
        "harsh": 0.20261437908496732,
        "nice": 0.369281045751634
    },
    "ztuu": {
        "harsh": 0.36363636363636365,
        "nice": 0.4
    }
}