{
    "905": {
        "harsh": 1.0,
        "nice": 1.0
    },
    "adventureland": {
        "harsh": 0.058823529411764705,
        "nice": 0.0784313725490196
    },
    "afflicted": {
        "harsh": 0.4222222222222222,
        "nice": 0.4222222222222222
    },
    "anchor": {
        "harsh": 0.23076923076923078,
        "nice": 0.2692307692307692
    },
    "avg_harsh": 0.2117398300901097,
    "avg_nice": 0.2712942420549987,
    "awaken": {
        "harsh": 0.14285714285714285,
        "nice": 0.16483516483516483
    },
    "ballyhoo": {
        "harsh": 0.0851063829787234,
        "nice": 0.1595744680851064
    },
    "curses": {
        "harsh": 0.07692307692307693,
        "nice": 0.15384615384615385
    },
    "cutthroat": {
        "harsh": 0.03463203463203463,
        "nice": 0.04329004329004329
    },
    "deephome": {
        "harsh": 0.07352941176470588,
        "nice": 0.15441176470588236
    },
    "dragon": {
        "harsh": 0.17582417582417584,
        "nice": 0.17582417582417584
    },
    "enchanter": {
        "harsh": 0.17142857142857143,
        "nice": 0.21428571428571427
    },
    "enter": {
        "harsh": 0.0,
        "nice": 1.0
    },
    "gold": {
        "harsh": 0.18181818181818182,
        "nice": 0.2545454545454545
    },
    "hhgg": {
        "harsh": 0.21428571428571427,
        "nice": 0.25
    },
    "hollywood": {
        "harsh": 0.14285714285714285,
        "nice": 0.17857142857142858
    },
    "infidel": {
        "harsh": 0.1282051282051282,
        "nice": 0.14102564102564102
    },
    "inhumane": {
        "harsh": 0.10952380952380952,
        "nice": 0.13333333333333333
    },
    "jewel": {
        "harsh": 0.11666666666666667,
        "nice": 0.14166666666666666
    },
    "loose": {
        "harsh": 0.32142857142857145,
        "nice": 0.32142857142857145
    },
    "lostpig": {
        "harsh": 0.26666666666666666,
        "nice": 0.26666666666666666
    },
    "ludicorp": {
        "harsh": 0.12121212121212122,
        "nice": 0.13852813852813853
    },
    "moonlit": {
        "harsh": 0.5,
        "nice": 0.5
    },
    "night": {
        "harsh": 0.04736842105263158,
        "nice": 0.10526315789473684
    },
    "pentari": {
        "harsh": 0.13071895424836602,
        "nice": 0.16993464052287582
    },
    "planetfall": {
        "harsh": 0.28095238095238095,
        "nice": 0.29523809523809524
    },
    "reverb": {
        "harsh": 0.16666666666666666,
        "nice": 0.19696969696969696
    },
    "snacktime": {
        "harsh": 0.6666666666666666,
        "nice": 0.6666666666666666
    },
    "sorcerer": {
        "harsh": 0.10476190476190476,
        "nice": 0.1523809523809524
    },
    "temple": {
        "harsh": 0.2222222222222222,
        "nice": 0.3111111111111111
    },
    "tryst205": {
        "harsh": 0.25,
        "nice": 0.25
    },
    "wishbringer": {
        "harsh": 0.1830065359477124,
        "nice": 0.20261437908496732
    },
    "yomomma": {
        "harsh": 0.32142857142857145,
        "nice": 0.35714285714285715
    },
    "zork1": {
        "harsh": 0.24561403508771928,
        "nice": 0.32748538011695905
    },
    "zork2": {
        "harsh": 0.10822510822510822,
        "nice": 0.13852813852813853
    },
    "zork3": {
        "harsh": 0.10204081632653061,
        "nice": 0.12244897959183673
    },
    "ztuu": {
        "harsh": 0.21818181818181817,
        "nice": 0.3090909090909091
    }
}