model_name,desti_nice,desti_harsh,route_nice,route_harsh
gpt4,0.7084101808748917,0.6407245041189166,0.5125689852335514,0.4729033193785807
gpt3.5,0.41013495677544304,0.3044140595933455,0.1940225692078461,0.16135141305259276
