model_name,desti_nice,desti_harsh,route_nice,route_harsh
gpt4,0.7697293940602907,0.6944369682351732,0.6068475947412092,0.5722843496275589
gpt3.5,0.43443892153224595,0.3247119151055464,0.23650065955402594,0.18451032290951858
