model_name,desti_nice,desti_harsh,route_nice,route_harsh
gpt4,0.7697293940602907,0.7005815528677247,0.6068475947412092,0.5722843496275589
gpt3.5,0.43443892153224595,0.3256865590699414,0.23650065955402594,0.18451032290951858
