model_name,desti_nice,desti_harsh,route_nice,route_harsh
gpt4,0.7696342818861334,0.7007804142999102,0.6068475947412092,0.5722843496275589
gpt3.5,0.4358654491006848,0.3269603069095537,0.23650065955402594,0.18451032290951858
