model_name,desti_nice,desti_harsh,route_nice,route_harsh
gpt4,0.8488130096936639,0.7849709581974403,0.676117945828949,0.639627114459612
gpt3.5,0.5083688343546373,0.39201708689966647,0.2712942420549987,0.2117398300901097
