model_name,desti_nice,desti_harsh,route_nice,route_harsh
gpt4,0.8272141916966075,0.8009616392176399,0.7242522785890853,0.6752502292913446
gpt3.5,0.6230059152852236,0.5697069499968019,0.4434062026711985,0.3719770013771702
