model_name,desti_nice,desti_harsh,route_nice,route_harsh
gpt4,0.8267424935833999,0.8004899411044324,0.7242522785890853,0.6752502292913446
gpt3.5,0.6236348461028337,0.5702572644622108,0.4434062026711985,0.3719770013771702
