model_name,desti_nice,desti_harsh,route_nice,route_harsh
llama_anno,0.23040661744019114,0.1993783038234248,0.10323092705363307,0.06469650088986227
